title,price,surface,postal_code,city,source,scraped_at,quartier_anonymise,date_anonymisation
Maison rénové à Jas de Bouffan,393413,111,13100,Aix-en-Provence,insee,2025-10-31T14:07:32.488306,Quartier_0,2025-11-30T14:07:32.488306
Studio bien situé à Trefilerie,62238,28,42000,Saint-Étienne,json_import,2025-09-23T14:07:32.488306,Quartier_1,2025-11-30T14:07:32.488306
T1 calme à Louvre,243126,15,75001,Paris,csv_import,2025-06-20T14:07:32.488306,Quartier_2,2025-11-30T14:07:32.488306
T2 rénové à Kerichen,82291,34,29200,Brest,json_import,2025-09-18T14:07:32.488306,Quartier_3,2025-11-30T14:07:32.488306
T5+ calme à Minimes,418689,133,31000,Toulouse,json_import,2025-10-29T14:07:32.488306,Quartier_4,2025-11-30T14:07:32.488306
Studio calme à Libération,75487,15,06000,Nice,csv_import,2025-09-08T14:07:32.488306,Quartier_5,2025-11-30T14:07:32.488306
T2 lumineux à Saint-Laurent,104497,35,38000,Grenoble,csv_import,2025-11-19T14:07:32.488306,Quartier_6,2025-11-30T14:07:32.488306
Appartement rénové à Ecusson,348887,91,34000,Montpellier,json_import,2025-11-19T14:07:32.488306,Quartier_7,2025-11-30T14:07:32.488306
Villa moderne à Roseraie,267922,91,49000,Angers,csv_import,2025-10-18T14:07:32.488306,Quartier_8,2025-11-30T14:07:32.488306
Maison calme à Marsannay,324867,156,21000,Dijon,csv_import,2025-10-29T14:07:32.488306,Quartier_9,2025-11-30T14:07:32.488306
Villa calme à Carmes,621395,170,31000,Toulouse,json_import,2025-07-29T14:07:32.488306,Quartier_10,2025-11-30T14:07:32.488306
T3 rénové à Trefilerie,117051,47,42000,Saint-Étienne,insee,2025-09-23T14:07:32.488306,Quartier_11,2025-11-30T14:07:32.488306
Villa rénové à Neustadt,633452,129,67000,Strasbourg,insee,2025-06-20T14:07:32.488306,Quartier_12,2025-11-30T14:07:32.488306
T1 lumineux à Madeleine,132624,35,44000,Nantes,seloger,2025-07-06T14:07:32.488306,Quartier_13,2025-11-30T14:07:32.488306
T2 bien situé à Saint-Laurent,113996,46,38000,Grenoble,insee,2025-07-16T14:07:32.488306,Quartier_14,2025-11-30T14:07:32.488306
Villa bien situé à Lac de Maine,304211,117,49000,Angers,json_import,2025-09-02T14:07:32.488306,Quartier_15,2025-11-30T14:07:32.488306
T5+ bien situé à Le Corbusier,209248,87,42000,Saint-Étienne,insee,2025-06-23T14:07:32.488306,Quartier_16,2025-11-30T14:07:32.488306
T1 lumineux à Le Corbusier,32044,16,42000,Saint-Étienne,leboncoin,2025-08-11T14:07:32.488306,Quartier_17,2025-11-30T14:07:32.488306
T3 calme à Celleneuve,221450,51,34000,Montpellier,csv_import,2025-11-11T14:07:32.488306,Quartier_18,2025-11-30T14:07:32.488306
T1 lumineux à Vieux-Nice,156148,27,06000,Nice,seloger,2025-08-11T14:07:32.488306,Quartier_19,2025-11-30T14:07:32.488306
Studio moderne à Montmartre,350081,28,75001,Paris,json_import,2025-10-15T14:07:32.488306,Quartier_20,2025-11-30T14:07:32.488306
T2 lumineux à Libération,168262,43,06000,Nice,seloger,2025-10-19T14:07:32.488306,Quartier_21,2025-11-30T14:07:32.488306
Studio moderne à Marsannay,74381,34,21000,Dijon,insee,2025-06-14T14:07:32.488306,Quartier_22,2025-11-30T14:07:32.488306
Appartement moderne à Valdegour,262130,99,30000,Nîmes,leboncoin,2025-07-19T14:07:32.488306,Quartier_23,2025-11-30T14:07:32.488306
Villa bien situé à Centre,430679,123,38000,Grenoble,json_import,2025-07-07T14:07:32.488306,Quartier_24,2025-11-30T14:07:32.488306
Appartement lumineux à Kerichen,56890,22,29200,Brest,insee,2025-06-15T14:07:32.488306,Quartier_25,2025-11-30T14:07:32.488306
T2 calme à Vieux-Nice,104122,31,06000,Nice,csv_import,2025-06-08T14:07:32.488306,Quartier_26,2025-11-30T14:07:32.488306
T4 calme à Brazais,277130,75,35000,Rennes,json_import,2025-10-30T14:07:32.488306,Quartier_27,2025-11-30T14:07:32.488306
T4 lumineux à Centre-ville,256529,76,33000,Bordeaux,insee,2025-08-15T14:07:32.488306,Quartier_28,2025-11-30T14:07:32.488306
T1 bien situé à Centre,118894,32,49000,Angers,csv_import,2025-10-28T14:07:32.488306,Quartier_29,2025-11-30T14:07:32.488306
T2 moderne à Ecusson,136249,43,34000,Montpellier,csv_import,2025-07-16T14:07:32.488306,Quartier_30,2025-11-30T14:07:32.488306
Maison lumineux à Garrigues,245064,86,30000,Nîmes,json_import,2025-11-02T14:07:32.488306,Quartier_31,2025-11-30T14:07:32.488306
Duplex bien situé à Centre,247221,48,35000,Rennes,insee,2025-10-26T14:07:32.488306,Quartier_32,2025-11-30T14:07:32.488306
T5+ rénové à Bastide,720522,130,33000,Bordeaux,insee,2025-07-31T14:07:32.488306,Quartier_33,2025-11-30T14:07:32.488306
Duplex lumineux à Madeleine,223106,64,44000,Nantes,seloger,2025-08-21T14:07:32.488306,Quartier_34,2025-11-30T14:07:32.488306
Duplex bien situé à Marais,436246,51,75001,Paris,insee,2025-06-07T14:07:32.488306,Quartier_35,2025-11-30T14:07:32.488306
T2 calme à Neustadt,128214,34,67000,Strasbourg,seloger,2025-11-17T14:07:32.488306,Quartier_36,2025-11-30T14:07:32.488306
T4 lumineux à Riquier,331967,69,06000,Nice,seloger,2025-10-30T14:07:32.488306,Quartier_37,2025-11-30T14:07:32.488306
Maison lumineux à Yzeure,338934,140,72000,Le Mans,csv_import,2025-10-07T14:07:32.488306,Quartier_38,2025-11-30T14:07:32.488306
T3 bien situé à Minimes,294169,61,31000,Toulouse,leboncoin,2025-11-27T14:07:32.488306,Quartier_39,2025-11-30T14:07:32.488306
T2 calme à Champratel,58621,36,63000,Clermont-Ferrand,json_import,2025-07-06T14:07:32.488306,Quartier_40,2025-11-30T14:07:32.488306
T1 bien situé à Centre,140423,28,35000,Rennes,leboncoin,2025-10-08T14:07:32.488306,Quartier_41,2025-11-30T14:07:32.488306
Studio moderne à Cleunay,91824,22,35000,Rennes,insee,2025-09-21T14:07:32.488306,Quartier_42,2025-11-30T14:07:32.488306
T5+ moderne à Trefilerie,175486,85,42000,Saint-Étienne,seloger,2025-06-30T14:07:32.488306,Quartier_43,2025-11-30T14:07:32.488306
Studio moderne à Jas de Bouffan,112467,28,13100,Aix-en-Provence,csv_import,2025-06-17T14:07:32.488306,Quartier_44,2025-11-30T14:07:32.488306
T5+ rénové à Vieux-Port,672454,170,13001,Marseille,json_import,2025-08-15T14:07:32.488306,Quartier_45,2025-11-30T14:07:32.488306
T1 calme à Jardin Lecoq,45401,25,63000,Clermont-Ferrand,leboncoin,2025-11-16T14:07:32.488306,Quartier_46,2025-11-30T14:07:32.488306
Appartement lumineux à Villejean,119953,37,35000,Rennes,leboncoin,2025-08-04T14:07:32.488306,Quartier_47,2025-11-30T14:07:32.488306
T5+ moderne à Lambézellec,255221,97,29200,Brest,insee,2025-09-01T14:07:32.488306,Quartier_48,2025-11-30T14:07:32.488306
Villa bien situé à Champratel,269533,144,63000,Clermont-Ferrand,json_import,2025-11-08T14:07:32.488306,Quartier_49,2025-11-30T14:07:32.488306
Villa moderne à Centre,498001,154,49000,Angers,seloger,2025-09-03T14:07:32.488306,Quartier_0,2025-11-30T14:07:32.488306
Duplex moderne à Centre,304204,86,72000,Le Mans,leboncoin,2025-10-26T14:07:32.488306,Quartier_1,2025-11-30T14:07:32.488306
Maison calme à Faubourg North,298359,113,21000,Dijon,seloger,2025-08-11T14:07:32.488306,Quartier_2,2025-11-30T14:07:32.488306
Villa bien situé à Dervallières,385143,108,44000,Nantes,json_import,2025-07-06T14:07:32.488306,Quartier_3,2025-11-30T14:07:32.488306
T3 calme à Montchapet,162569,55,21000,Dijon,seloger,2025-08-08T14:07:32.488306,Quartier_4,2025-11-30T14:07:32.488306
T5+ calme à Centre,485354,187,49000,Angers,insee,2025-10-30T14:07:32.488306,Quartier_5,2025-11-30T14:07:32.488306
Maison calme à Part-Dieu,571055,94,69001,Lyon,insee,2025-11-04T14:07:32.488306,Quartier_6,2025-11-30T14:07:32.488306
Studio rénové à Chartrons,189799,31,33000,Bordeaux,leboncoin,2025-06-07T14:07:32.488306,Quartier_7,2025-11-30T14:07:32.488306
Appartement moderne à Saint-Laurent,310875,88,38000,Grenoble,seloger,2025-09-12T14:07:32.488306,Quartier_8,2025-11-30T14:07:32.488306
Maison calme à Orangerie,485748,120,67000,Strasbourg,json_import,2025-11-28T14:07:32.488306,Quartier_9,2025-11-30T14:07:32.488306
Studio calme à Chartrons,103101,24,33000,Bordeaux,csv_import,2025-08-15T14:07:32.488306,Quartier_10,2025-11-30T14:07:32.488306
T1 rénové à Centre,78006,35,42000,Saint-Étienne,insee,2025-10-07T14:07:32.488306,Quartier_11,2025-11-30T14:07:32.488306
Duplex bien situé à Antigone,348107,96,34000,Montpellier,insee,2025-07-02T14:07:32.488306,Quartier_12,2025-11-30T14:07:32.488306
T3 lumineux à Vieux-Lille,149462,47,59000,Lille,leboncoin,2025-07-16T14:07:32.488306,Quartier_13,2025-11-30T14:07:32.488306
Appartement moderne à Montchapet,72362,22,21000,Dijon,seloger,2025-10-13T14:07:32.488306,Quartier_14,2025-11-30T14:07:32.488306
Villa bien situé à Trefilerie,202024,94,42000,Saint-Étienne,csv_import,2025-11-04T14:07:32.488306,Quartier_15,2025-11-30T14:07:32.488306
Villa calme à Endoume,652189,177,13001,Marseille,csv_import,2025-09-16T14:07:32.488306,Quartier_16,2025-11-30T14:07:32.488306
Villa lumineux à Croix-Rousse,929009,188,69001,Lyon,csv_import,2025-07-05T14:07:32.488306,Quartier_17,2025-11-30T14:07:32.488306
Villa lumineux à Chartrons,584359,125,33000,Bordeaux,insee,2025-11-25T14:07:32.488306,Quartier_18,2025-11-30T14:07:32.488306
Duplex moderne à Esquermes,80843,24,59000,Lille,seloger,2025-11-03T14:07:32.488306,Quartier_19,2025-11-30T14:07:32.488306
T3 calme à Madeleine,236345,54,44000,Nantes,seloger,2025-08-07T14:07:32.488306,Quartier_20,2025-11-30T14:07:32.488306
T2 rénové à Madeleine,96647,34,44000,Nantes,json_import,2025-10-16T14:07:32.488306,Quartier_21,2025-11-30T14:07:32.488306
Appartement bien situé à Centre-ville,107023,30,30000,Nîmes,insee,2025-10-26T14:07:32.488306,Quartier_22,2025-11-30T14:07:32.488306
Loft moderne à Lambézellec,108576,49,29200,Brest,leboncoin,2025-08-06T14:07:32.488306,Quartier_23,2025-11-30T14:07:32.488306
T1 moderne à Panier,100766,24,13001,Marseille,json_import,2025-09-17T14:07:32.488306,Quartier_24,2025-11-30T14:07:32.488306
T4 bien situé à Centre-ville,399596,70,33000,Bordeaux,leboncoin,2025-07-27T14:07:32.488306,Quartier_25,2025-11-30T14:07:32.488306
Loft bien situé à Bouffay,179001,33,44000,Nantes,insee,2025-08-01T14:07:32.488306,Quartier_26,2025-11-30T14:07:32.488306
Villa calme à Croix-Rousse,672808,130,69001,Lyon,seloger,2025-06-16T14:07:32.488306,Quartier_27,2025-11-30T14:07:32.488306
Appartement lumineux à Villeboeuf,194692,93,42000,Saint-Étienne,leboncoin,2025-10-10T14:07:32.488306,Quartier_28,2025-11-30T14:07:32.488306
T3 calme à Centre-ville,137203,46,30000,Nîmes,csv_import,2025-07-09T14:07:32.488306,Quartier_29,2025-11-30T14:07:32.488306
Appartement rénové à Lambézellec,120432,46,29200,Brest,json_import,2025-09-19T14:07:32.488306,Quartier_30,2025-11-30T14:07:32.488306
T2 rénové à Vieux-Nice,253471,45,06000,Nice,json_import,2025-07-04T14:07:32.488306,Quartier_31,2025-11-30T14:07:32.488306
Duplex bien situé à Cours Mirabeau,353298,69,13100,Aix-en-Provence,insee,2025-08-16T14:07:32.488306,Quartier_32,2025-11-30T14:07:32.488306
Duplex bien situé à Dervallières,215245,56,44000,Nantes,leboncoin,2025-07-11T14:07:32.488306,Quartier_33,2025-11-30T14:07:32.488306
Loft lumineux à Graslin,399130,89,44000,Nantes,json_import,2025-10-08T14:07:32.488306,Quartier_34,2025-11-30T14:07:32.488306
T1 bien situé à Cleunay,79119,31,35000,Rennes,leboncoin,2025-08-05T14:07:32.488306,Quartier_35,2025-11-30T14:07:32.488306
Maison lumineux à Lambézellec,331647,102,29200,Brest,json_import,2025-09-01T14:07:32.488306,Quartier_36,2025-11-30T14:07:32.488306
T2 calme à Carmes,163420,36,31000,Toulouse,leboncoin,2025-07-29T14:07:32.488306,Quartier_37,2025-11-30T14:07:32.488306
Appartement calme à Graslin,198154,52,44000,Nantes,json_import,2025-07-19T14:07:32.488306,Quartier_38,2025-11-30T14:07:32.488306
Maison moderne à Esquermes,304900,120,59000,Lille,seloger,2025-11-21T14:07:32.488306,Quartier_39,2025-11-30T14:07:32.488306
Appartement calme à Centre,286261,59,38000,Grenoble,seloger,2025-06-08T14:07:32.488306,Quartier_40,2025-11-30T14:07:32.488306
T5+ moderne à Croix-Rousse,414877,104,69001,Lyon,csv_import,2025-07-02T14:07:32.488306,Quartier_41,2025-11-30T14:07:32.488306
T2 bien situé à Part-Dieu,179665,31,69001,Lyon,json_import,2025-09-28T14:07:32.488306,Quartier_42,2025-11-30T14:07:32.488306
Villa rénové à Part-Dieu,611288,105,69001,Lyon,json_import,2025-08-11T14:07:32.488306,Quartier_43,2025-11-30T14:07:32.488306
T5+ lumineux à Montferrand,177925,88,63000,Clermont-Ferrand,insee,2025-11-27T14:07:32.488306,Quartier_44,2025-11-30T14:07:32.488306
T1 calme à Fives,83756,29,59000,Lille,json_import,2025-08-19T14:07:32.488306,Quartier_45,2025-11-30T14:07:32.488306
Duplex moderne à Kerichen,290336,83,29200,Brest,json_import,2025-10-17T14:07:32.488306,Quartier_46,2025-11-30T14:07:32.488306
T2 bien situé à Ecusson,176909,43,34000,Montpellier,csv_import,2025-09-07T14:07:32.488306,Quartier_47,2025-11-30T14:07:32.488306
T2 rénové à Marais,476452,44,75001,Paris,json_import,2025-08-19T14:07:32.488306,Quartier_48,2025-11-30T14:07:32.488306
T4 bien situé à Cleunay,197920,62,35000,Rennes,json_import,2025-08-01T14:07:32.488306,Quartier_49,2025-11-30T14:07:32.488306
Loft calme à Centre,178260,47,67000,Strasbourg,insee,2025-08-30T14:07:32.488306,Quartier_0,2025-11-30T14:07:32.488306
Duplex rénové à Endoume,292002,79,13001,Marseille,json_import,2025-07-10T14:07:32.488306,Quartier_1,2025-11-30T14:07:32.488306
T3 moderne à Champratel,95347,45,63000,Clermont-Ferrand,insee,2025-09-01T14:07:32.496493,Quartier_2,2025-11-30T14:07:32.496493
Loft calme à Trefilerie,149527,68,42000,Saint-Étienne,leboncoin,2025-08-03T14:07:32.496493,Quartier_3,2025-11-30T14:07:32.496493
T1 bien situé à Trefilerie,54022,26,42000,Saint-Étienne,leboncoin,2025-11-21T14:07:32.496493,Quartier_4,2025-11-30T14:07:32.496493
Loft lumineux à Vieux-Lille,209944,86,59000,Lille,insee,2025-08-28T14:07:32.496493,Quartier_5,2025-11-30T14:07:32.496493
Appartement rénové à Centre,97967,27,67000,Strasbourg,json_import,2025-06-25T14:07:32.496493,Quartier_6,2025-11-30T14:07:32.496493
Duplex bien situé à Cleunay,148095,33,35000,Rennes,seloger,2025-09-29T14:07:32.496493,Quartier_7,2025-11-30T14:07:32.496493
Villa moderne à Montchapet,499379,181,21000,Dijon,csv_import,2025-08-05T14:07:32.496493,Quartier_8,2025-11-30T14:07:32.496493
Appartement calme à Esquermes,207249,74,59000,Lille,insee,2025-10-30T14:07:32.496493,Quartier_9,2025-11-30T14:07:32.496493
Appartement rénové à Puyricard,418354,82,13100,Aix-en-Provence,insee,2025-07-15T14:07:32.496493,Quartier_10,2025-11-30T14:07:32.496493
T5+ calme à Orangerie,549400,178,67000,Strasbourg,insee,2025-07-08T14:07:32.496493,Quartier_11,2025-11-30T14:07:32.496493
Villa bien situé à Riquier,520528,92,06000,Nice,seloger,2025-10-19T14:07:32.496493,Quartier_12,2025-11-30T14:07:32.496493
Maison bien situé à Madeleine,594324,135,44000,Nantes,seloger,2025-09-19T14:07:32.496493,Quartier_13,2025-11-30T14:07:32.496493
Appartement bien situé à Graslin,237880,70,44000,Nantes,json_import,2025-11-04T14:07:32.496493,Quartier_14,2025-11-30T14:07:32.496493
Appartement lumineux à Neustadt,365920,83,67000,Strasbourg,json_import,2025-09-30T14:07:32.496493,Quartier_15,2025-11-30T14:07:32.496493
Studio calme à Antigone,68549,18,34000,Montpellier,seloger,2025-08-17T14:07:32.496493,Quartier_16,2025-11-30T14:07:32.496493
Studio calme à Krutenau,121448,34,67000,Strasbourg,insee,2025-10-06T14:07:32.496493,Quartier_17,2025-11-30T14:07:32.496493
Duplex lumineux à Valdegour,148886,59,30000,Nîmes,csv_import,2025-10-02T14:07:32.496493,Quartier_18,2025-11-30T14:07:32.496493
T5+ lumineux à Belle-Beille,426798,194,49000,Angers,leboncoin,2025-09-10T14:07:32.496493,Quartier_19,2025-11-30T14:07:32.496493
T2 rénové à Centre-ville,113084,48,30000,Nîmes,leboncoin,2025-10-21T14:07:32.496493,Quartier_20,2025-11-30T14:07:32.496493
T5+ calme à Antigone,796371,179,34000,Montpellier,insee,2025-09-14T14:07:32.496493,Quartier_21,2025-11-30T14:07:32.496493
T4 moderne à Trefilerie,210915,68,42000,Saint-Étienne,leboncoin,2025-09-27T14:07:32.496493,Quartier_22,2025-11-30T14:07:32.496493
T2 calme à Lambézellec,111892,35,29200,Brest,csv_import,2025-07-08T14:07:32.496493,Quartier_23,2025-11-30T14:07:32.496493
Villa moderne à Croix-Rousse,509382,113,69001,Lyon,seloger,2025-08-06T14:07:32.496493,Quartier_24,2025-11-30T14:07:32.496493
T5+ lumineux à Centre,692052,188,21000,Dijon,seloger,2025-06-22T14:07:32.496493,Quartier_25,2025-11-30T14:07:32.496493
Loft lumineux à Brazais,298457,99,35000,Rennes,seloger,2025-11-08T14:07:32.496493,Quartier_26,2025-11-30T14:07:32.496493
T4 calme à Le Corbusier,158794,70,42000,Saint-Étienne,seloger,2025-06-27T14:07:32.496493,Quartier_27,2025-11-30T14:07:32.496493
T5+ calme à Presqu'île,972231,187,69001,Lyon,leboncoin,2025-08-01T14:07:32.496493,Quartier_28,2025-11-30T14:07:32.496493
T5+ rénové à Riquier,541770,92,06000,Nice,insee,2025-11-10T14:07:32.496493,Quartier_29,2025-11-30T14:07:32.496493
Studio moderne à Jardin Lecoq,61565,25,63000,Clermont-Ferrand,seloger,2025-08-04T14:07:32.496493,Quartier_30,2025-11-30T14:07:32.496493
Loft moderne à Villeboeuf,166724,97,42000,Saint-Étienne,json_import,2025-09-11T14:07:32.496493,Quartier_31,2025-11-30T14:07:32.496493
T4 rénové à Riquier,378920,70,06000,Nice,insee,2025-10-17T14:07:32.496493,Quartier_32,2025-11-30T14:07:32.496493
Studio calme à Bastide,217774,34,33000,Bordeaux,seloger,2025-06-23T14:07:32.496493,Quartier_33,2025-11-30T14:07:32.496493
Appartement lumineux à Mistral,169084,55,38000,Grenoble,seloger,2025-10-11T14:07:32.496493,Quartier_34,2025-11-30T14:07:32.496493
T1 lumineux à Centre,120653,32,21000,Dijon,seloger,2025-09-15T14:07:32.496493,Quartier_35,2025-11-30T14:07:32.496493
T3 calme à Saint-Cyprien,146101,50,31000,Toulouse,json_import,2025-10-30T14:07:32.496493,Quartier_36,2025-11-30T14:07:32.496493
Maison lumineux à Centre,338998,159,63000,Clermont-Ferrand,csv_import,2025-06-16T14:07:32.496493,Quartier_37,2025-11-30T14:07:32.496493
Loft calme à Vieux-Port,361062,87,13001,Marseille,json_import,2025-08-24T14:07:32.496493,Quartier_38,2025-11-30T14:07:32.496493
T2 bien situé à Centre-ville,77058,35,29200,Brest,seloger,2025-11-19T14:07:32.496493,Quartier_39,2025-11-30T14:07:32.496493
Studio moderne à Centre,154464,29,67000,Strasbourg,json_import,2025-11-23T14:07:32.496493,Quartier_40,2025-11-30T14:07:32.496493
Studio lumineux à Villeboeuf,39437,19,42000,Saint-Étienne,leboncoin,2025-09-06T14:07:32.496493,Quartier_41,2025-11-30T14:07:32.496493
Maison lumineux à Centre-ville,480548,95,33000,Bordeaux,insee,2025-11-04T14:07:32.496493,Quartier_42,2025-11-30T14:07:32.496493
Maison rénové à Cleunay,408424,94,35000,Rennes,leboncoin,2025-06-09T14:07:32.496493,Quartier_43,2025-11-30T14:07:32.496493
Duplex lumineux à Vieux-Nice,149242,41,06000,Nice,json_import,2025-07-18T14:07:32.496493,Quartier_44,2025-11-30T14:07:32.496493
Studio calme à Cleunay,61274,25,35000,Rennes,leboncoin,2025-09-08T14:07:32.496493,Quartier_45,2025-11-30T14:07:32.496493
T2 lumineux à Panier,294624,50,13001,Marseille,json_import,2025-06-24T14:07:32.496493,Quartier_46,2025-11-30T14:07:32.496493
T1 rénové à Trefilerie,33723,17,42000,Saint-Étienne,seloger,2025-08-29T14:07:32.496493,Quartier_47,2025-11-30T14:07:32.496493
T3 bien situé à Centre,134280,48,63000,Clermont-Ferrand,json_import,2025-08-01T14:07:32.496493,Quartier_48,2025-11-30T14:07:32.496493
T1 rénové à Montchapet,43515,17,21000,Dijon,leboncoin,2025-10-24T14:07:32.496493,Quartier_49,2025-11-30T14:07:32.496493
Appartement moderne à Madeleine,207276,56,44000,Nantes,insee,2025-07-11T14:07:32.496493,Quartier_0,2025-11-30T14:07:32.496493
T4 moderne à Chartrons,370183,68,33000,Bordeaux,csv_import,2025-09-03T14:07:32.496493,Quartier_1,2025-11-30T14:07:32.496493
T1 calme à Lambézellec,68963,23,29200,Brest,json_import,2025-09-04T14:07:32.496493,Quartier_2,2025-11-30T14:07:32.496493
T3 moderne à Antigone,313666,66,34000,Montpellier,leboncoin,2025-08-28T14:07:32.496493,Quartier_3,2025-11-30T14:07:32.496493
Villa rénové à Cours Mirabeau,637828,118,13100,Aix-en-Provence,leboncoin,2025-10-03T14:07:32.496493,Quartier_4,2025-11-30T14:07:32.496493
T1 bien situé à Lac de Maine,87543,33,49000,Angers,csv_import,2025-10-11T14:07:32.496493,Quartier_5,2025-11-30T14:07:32.496493
Villa calme à Panier,443749,95,13001,Marseille,insee,2025-07-01T14:07:32.496493,Quartier_6,2025-11-30T14:07:32.496493
T1 moderne à Neustadt,71390,28,67000,Strasbourg,csv_import,2025-11-04T14:07:32.496493,Quartier_7,2025-11-30T14:07:32.496493
T2 lumineux à Saint-Germain,584890,34,75001,Paris,json_import,2025-09-09T14:07:32.496493,Quartier_8,2025-11-30T14:07:32.496493
Maison bien situé à Lac de Maine,296432,121,49000,Angers,leboncoin,2025-09-25T14:07:32.496493,Quartier_9,2025-11-30T14:07:32.496493
Duplex rénové à Chartrons,108611,26,33000,Bordeaux,seloger,2025-09-09T14:07:32.496493,Quartier_10,2025-11-30T14:07:32.496493
Studio lumineux à Capitole,148855,31,31000,Toulouse,json_import,2025-07-14T14:07:32.496493,Quartier_11,2025-11-30T14:07:32.496493
Appartement lumineux à Kerichen,228430,73,29200,Brest,seloger,2025-06-10T14:07:32.496493,Quartier_12,2025-11-30T14:07:32.496493
Studio calme à Centre,102965,28,72000,Le Mans,seloger,2025-08-29T14:07:32.496493,Quartier_13,2025-11-30T14:07:32.496493
Maison bien situé à Dervallières,494325,138,44000,Nantes,csv_import,2025-09-09T14:07:32.496493,Quartier_14,2025-11-30T14:07:32.496493
Villa moderne à Endoume,649382,182,13001,Marseille,json_import,2025-07-27T14:07:32.496493,Quartier_15,2025-11-30T14:07:32.496493
Villa bien situé à Carmes,296384,97,31000,Toulouse,csv_import,2025-07-14T14:07:32.496493,Quartier_16,2025-11-30T14:07:32.496493
Villa calme à Champratel,230258,96,63000,Clermont-Ferrand,json_import,2025-09-23T14:07:32.496493,Quartier_17,2025-11-30T14:07:32.496493
Appartement rénové à Centre-ville,212156,66,30000,Nîmes,insee,2025-09-22T14:07:32.496493,Quartier_18,2025-11-30T14:07:32.496493
T2 moderne à Centre-ville,103104,37,30000,Nîmes,csv_import,2025-10-16T14:07:32.496493,Quartier_19,2025-11-30T14:07:32.496493
Studio moderne à Centre-ville,141162,29,33000,Bordeaux,csv_import,2025-06-12T14:07:32.496493,Quartier_20,2025-11-30T14:07:32.496493
T2 lumineux à Cleunay,79224,30,35000,Rennes,seloger,2025-09-03T14:07:32.496493,Quartier_21,2025-11-30T14:07:32.496493
Studio calme à Montchapet,109592,32,21000,Dijon,json_import,2025-11-16T14:07:32.496493,Quartier_22,2025-11-30T14:07:32.496493
Villa lumineux à Centre,327921,133,72000,Le Mans,json_import,2025-09-23T14:07:32.496493,Quartier_23,2025-11-30T14:07:32.496493
Loft moderne à Endoume,349839,73,13001,Marseille,seloger,2025-07-08T14:07:32.496493,Quartier_24,2025-11-30T14:07:32.496493
Maison moderne à Neustadt,519534,188,67000,Strasbourg,leboncoin,2025-06-30T14:07:32.496493,Quartier_25,2025-11-30T14:07:32.496493
T3 lumineux à Vieux-Port,464634,70,13001,Marseille,leboncoin,2025-06-20T14:07:32.496493,Quartier_26,2025-11-30T14:07:32.496493
Appartement moderne à Esquermes,223110,79,59000,Lille,seloger,2025-07-03T14:07:32.496493,Quartier_27,2025-11-30T14:07:32.496493
Studio lumineux à Libération,155075,34,06000,Nice,json_import,2025-11-26T14:07:32.496493,Quartier_28,2025-11-30T14:07:32.496493
T3 moderne à Écusson,227002,67,30000,Nîmes,csv_import,2025-08-28T14:07:32.496493,Quartier_29,2025-11-30T14:07:32.496493
Villa calme à Centre,527485,187,49000,Angers,csv_import,2025-07-24T14:07:32.496493,Quartier_30,2025-11-30T14:07:32.496493
T4 rénové à Centre,180139,74,49000,Angers,leboncoin,2025-10-18T14:07:32.496493,Quartier_31,2025-11-30T14:07:32.496493
Studio calme à Neustadt,137795,33,67000,Strasbourg,json_import,2025-09-18T14:07:32.496493,Quartier_32,2025-11-30T14:07:32.496493
Loft moderne à Madeleine,293415,73,44000,Nantes,leboncoin,2025-09-14T14:07:32.496493,Quartier_33,2025-11-30T14:07:32.496493
Loft lumineux à Brazais,288515,97,35000,Rennes,insee,2025-09-25T14:07:32.496493,Quartier_34,2025-11-30T14:07:32.496493
T5+ lumineux à Neustadt,340578,109,67000,Strasbourg,json_import,2025-11-16T14:07:32.496493,Quartier_35,2025-11-30T14:07:32.496493
Studio rénové à Montchapet,54644,28,21000,Dijon,csv_import,2025-06-23T14:07:32.496493,Quartier_36,2025-11-30T14:07:32.496493
T4 bien situé à Croix-Rousse,359804,64,69001,Lyon,json_import,2025-08-17T14:07:32.496493,Quartier_37,2025-11-30T14:07:32.496493
T5+ rénové à Riquier,653144,140,06000,Nice,json_import,2025-11-23T14:07:32.496493,Quartier_38,2025-11-30T14:07:32.496493
T4 rénové à Le Corbusier,138700,74,42000,Saint-Étienne,seloger,2025-09-23T14:07:32.496493,Quartier_39,2025-11-30T14:07:32.496493
Appartement bien situé à Centre,231344,75,49000,Angers,seloger,2025-08-02T14:07:32.496493,Quartier_40,2025-11-30T14:07:32.496493
T5+ calme à Neustadt,652992,141,67000,Strasbourg,seloger,2025-11-29T14:07:32.496493,Quartier_41,2025-11-30T14:07:32.496493
T2 moderne à Villeboeuf,109648,49,42000,Saint-Étienne,leboncoin,2025-11-03T14:07:32.496493,Quartier_42,2025-11-30T14:07:32.496493
T2 calme à Libération,155825,37,06000,Nice,seloger,2025-08-11T14:07:32.496493,Quartier_43,2025-11-30T14:07:32.496493
T3 calme à Montchapet,182182,62,21000,Dijon,json_import,2025-10-20T14:07:32.496493,Quartier_44,2025-11-30T14:07:32.496493
T3 calme à Jardin Lecoq,160152,64,63000,Clermont-Ferrand,insee,2025-07-21T14:07:32.496493,Quartier_45,2025-11-30T14:07:32.496493
T5+ rénové à Saint-Marc,259399,109,29200,Brest,csv_import,2025-08-21T14:07:32.496493,Quartier_46,2025-11-30T14:07:32.496493
T4 moderne à Montferrand,223119,82,63000,Clermont-Ferrand,leboncoin,2025-07-05T14:07:32.496493,Quartier_47,2025-11-30T14:07:32.496493
Duplex calme à Chartrons,232377,41,33000,Bordeaux,csv_import,2025-11-05T14:07:32.496493,Quartier_48,2025-11-30T14:07:32.496493
Loft lumineux à Centre,230268,53,35000,Rennes,insee,2025-09-02T14:07:32.496493,Quartier_49,2025-11-30T14:07:32.496493
Appartement bien situé à Libération,499683,88,06000,Nice,json_import,2025-11-30T14:07:32.496493,Quartier_0,2025-11-30T14:07:32.496493
T1 moderne à Bastille,60046,17,38000,Grenoble,csv_import,2025-08-12T14:07:32.496493,Quartier_1,2025-11-30T14:07:32.496493
T5+ moderne à Valdegour,415917,168,30000,Nîmes,leboncoin,2025-10-09T14:07:32.496493,Quartier_2,2025-11-30T14:07:32.496493
Loft moderne à Centre,454300,76,67000,Strasbourg,csv_import,2025-06-05T14:07:32.496493,Quartier_3,2025-11-30T14:07:32.496493
Loft lumineux à Saint-Germain,1504271,92,75001,Paris,csv_import,2025-10-12T14:07:32.496493,Quartier_4,2025-11-30T14:07:32.496493
T1 rénové à Cours Mirabeau,156555,34,13100,Aix-en-Provence,csv_import,2025-08-18T14:07:32.496493,Quartier_5,2025-11-30T14:07:32.496493
T2 moderne à Louvre,872043,50,75001,Paris,insee,2025-09-20T14:07:32.496493,Quartier_6,2025-11-30T14:07:32.496493
T5+ rénové à Bastide,603639,118,33000,Bordeaux,json_import,2025-07-17T14:07:32.496493,Quartier_7,2025-11-30T14:07:32.496493
Studio lumineux à Saint-Marc,70121,25,29200,Brest,leboncoin,2025-07-30T14:07:32.496493,Quartier_8,2025-11-30T14:07:32.496493
T1 moderne à Minimes,84310,30,31000,Toulouse,csv_import,2025-11-11T14:07:32.496493,Quartier_9,2025-11-30T14:07:32.496493
Studio lumineux à Centre,78638,33,63000,Clermont-Ferrand,seloger,2025-07-22T14:07:32.496493,Quartier_10,2025-11-30T14:07:32.496493
Duplex calme à Centre,241989,66,35000,Rennes,seloger,2025-08-16T14:07:32.496493,Quartier_11,2025-11-30T14:07:32.496493
T1 rénové à Marais,314338,33,75001,Paris,seloger,2025-07-14T14:07:32.496493,Quartier_12,2025-11-30T14:07:32.496493
Maison moderne à Saint-Marc,299540,114,29200,Brest,csv_import,2025-06-04T14:07:32.496493,Quartier_13,2025-11-30T14:07:32.496493
Villa rénové à Yzeure,323191,174,72000,Le Mans,json_import,2025-09-23T14:07:32.496493,Quartier_14,2025-11-30T14:07:32.496493
T5+ moderne à Saint-Marc,320286,140,29200,Brest,insee,2025-10-28T14:07:32.496493,Quartier_15,2025-11-30T14:07:32.496493
Duplex rénové à Valdegour,270712,90,30000,Nîmes,seloger,2025-07-18T14:07:32.496493,Quartier_16,2025-11-30T14:07:32.496493
Loft lumineux à Pointe-Rouge,390317,95,13001,Marseille,insee,2025-08-06T14:07:32.496493,Quartier_17,2025-11-30T14:07:32.496493
T2 rénové à Yzeure,62583,32,72000,Le Mans,seloger,2025-11-01T14:07:32.496493,Quartier_18,2025-11-30T14:07:32.496493
Villa calme à Kerichen,656324,198,29200,Brest,csv_import,2025-11-10T14:07:32.496493,Quartier_19,2025-11-30T14:07:32.496493
T4 rénové à Centre,335720,85,67000,Strasbourg,insee,2025-09-11T14:07:32.496493,Quartier_20,2025-11-30T14:07:32.496493
Maison rénové à Saint-Marc,556050,159,29200,Brest,insee,2025-11-27T14:07:32.496493,Quartier_21,2025-11-30T14:07:32.496493
Duplex moderne à Vieux-Lille,202072,51,59000,Lille,insee,2025-06-11T14:07:32.496493,Quartier_22,2025-11-30T14:07:32.496493
T4 lumineux à Esquermes,282015,72,59000,Lille,seloger,2025-06-04T14:07:32.496493,Quartier_23,2025-11-30T14:07:32.496493
Duplex lumineux à Grie,44155,20,72000,Le Mans,insee,2025-10-08T14:07:32.496493,Quartier_24,2025-11-30T14:07:32.496493
Appartement lumineux à Centre-ville,169087,64,29200,Brest,json_import,2025-10-30T14:07:32.496493,Quartier_25,2025-11-30T14:07:32.496493
Loft bien situé à Antigone,314654,93,34000,Montpellier,insee,2025-10-04T14:07:32.496493,Quartier_26,2025-11-30T14:07:32.496493
T1 rénové à Jacobins,42445,16,72000,Le Mans,insee,2025-11-21T14:07:32.496493,Quartier_27,2025-11-30T14:07:32.496493
Duplex lumineux à Trefilerie,88976,48,42000,Saint-Étienne,csv_import,2025-09-07T14:07:32.496493,Quartier_28,2025-11-30T14:07:32.496493
T2 lumineux à Part-Dieu,133394,38,69001,Lyon,insee,2025-07-16T14:07:32.496493,Quartier_29,2025-11-30T14:07:32.496493
T4 bien situé à Wazemmes,226961,72,59000,Lille,insee,2025-11-24T14:07:32.496493,Quartier_30,2025-11-30T14:07:32.496493
Maison lumineux à Part-Dieu,750013,188,69001,Lyon,json_import,2025-09-08T14:07:32.496493,Quartier_31,2025-11-30T14:07:32.496493
T5+ moderne à Esquermes,545074,147,59000,Lille,seloger,2025-10-12T14:07:32.496493,Quartier_32,2025-11-30T14:07:32.496493
Villa lumineux à Marais,1693739,178,75001,Paris,insee,2025-08-06T14:07:32.496493,Quartier_33,2025-11-30T14:07:32.496493
T3 lumineux à Dervallières,240710,70,44000,Nantes,seloger,2025-08-18T14:07:32.496493,Quartier_34,2025-11-30T14:07:32.496493
T5+ lumineux à Faubourg North,267067,90,21000,Dijon,seloger,2025-10-26T14:07:32.496493,Quartier_35,2025-11-30T14:07:32.496493
Maison bien situé à Lac de Maine,365646,135,49000,Angers,leboncoin,2025-10-06T14:07:32.496493,Quartier_36,2025-11-30T14:07:32.496493
Appartement calme à Jardin Lecoq,112520,54,63000,Clermont-Ferrand,json_import,2025-10-04T14:07:32.496493,Quartier_37,2025-11-30T14:07:32.496493
T5+ rénové à Graslin,587344,158,44000,Nantes,leboncoin,2025-09-26T14:07:32.496493,Quartier_38,2025-11-30T14:07:32.496493
Villa calme à Marais,1154876,129,75001,Paris,json_import,2025-10-10T14:07:32.496493,Quartier_39,2025-11-30T14:07:32.496493
Villa rénové à Saint-Laurent,211024,81,38000,Grenoble,insee,2025-11-05T14:07:32.496493,Quartier_40,2025-11-30T14:07:32.496493
Loft rénové à Croix-Rousse,333458,95,69001,Lyon,leboncoin,2025-09-03T14:07:32.496493,Quartier_41,2025-11-30T14:07:32.496493
Maison lumineux à Belle-Beille,263987,98,49000,Angers,insee,2025-09-10T14:07:32.496493,Quartier_42,2025-11-30T14:07:32.496493
Appartement rénové à Champratel,114632,59,63000,Clermont-Ferrand,insee,2025-08-04T14:07:32.496493,Quartier_43,2025-11-30T14:07:32.496493
Loft rénové à Grie,134411,54,72000,Le Mans,seloger,2025-11-18T14:07:32.496493,Quartier_44,2025-11-30T14:07:32.496493
T4 rénové à Saint-Cyprien,398596,86,31000,Toulouse,csv_import,2025-09-23T14:07:32.496493,Quartier_45,2025-11-30T14:07:32.496493
Duplex lumineux à Centre-ville,69809,25,30000,Nîmes,csv_import,2025-11-21T14:07:32.496493,Quartier_46,2025-11-30T14:07:32.496493
T4 calme à Grie,195579,77,72000,Le Mans,leboncoin,2025-11-14T14:07:32.496493,Quartier_47,2025-11-30T14:07:32.496493
Loft bien situé à Saint-Cyprien,119482,36,31000,Toulouse,csv_import,2025-07-25T14:07:32.496493,Quartier_48,2025-11-30T14:07:32.496493
Maison calme à Antigone,556367,173,34000,Montpellier,csv_import,2025-10-29T14:07:32.496493,Quartier_49,2025-11-30T14:07:32.496493
T3 bien situé à Ecusson,245825,51,34000,Montpellier,insee,2025-08-23T14:07:32.496493,Quartier_0,2025-11-30T14:07:32.496493
Appartement rénové à Saint-Michel,137287,25,33000,Bordeaux,leboncoin,2025-06-09T14:07:32.496493,Quartier_1,2025-11-30T14:07:32.496493
Maison moderne à Ecusson,309095,100,34000,Montpellier,json_import,2025-07-24T14:07:32.496493,Quartier_2,2025-11-30T14:07:32.496493
T2 moderne à Montchapet,128456,35,21000,Dijon,insee,2025-06-23T14:07:32.496493,Quartier_3,2025-11-30T14:07:32.496493
T3 moderne à Wazemmes,183389,57,59000,Lille,seloger,2025-09-01T14:07:32.496493,Quartier_4,2025-11-30T14:07:32.496493
Studio calme à Centre-ville,48560,16,29200,Brest,insee,2025-08-24T14:07:32.496493,Quartier_5,2025-11-30T14:07:32.496493
Studio bien situé à Bouffay,64589,16,44000,Nantes,seloger,2025-08-02T14:07:32.496493,Quartier_6,2025-11-30T14:07:32.496493
Maison bien situé à Pointe-Rouge,658239,158,13001,Marseille,csv_import,2025-06-24T14:07:32.496493,Quartier_7,2025-11-30T14:07:32.496493
Duplex moderne à Marsannay,79444,30,21000,Dijon,insee,2025-06-19T14:07:32.496493,Quartier_8,2025-11-30T14:07:32.496493
Loft rénové à Yzeure,68602,41,72000,Le Mans,insee,2025-07-04T14:07:32.496493,Quartier_9,2025-11-30T14:07:32.496493
Studio moderne à Neustadt,61178,15,67000,Strasbourg,insee,2025-11-19T14:07:32.496493,Quartier_10,2025-11-30T14:07:32.496493
T2 calme à Centre-ville,94020,46,29200,Brest,leboncoin,2025-10-22T14:07:32.498517,Quartier_11,2025-11-30T14:07:32.498517
Duplex moderne à Faubourg North,103184,36,21000,Dijon,insee,2025-11-07T14:07:32.498517,Quartier_12,2025-11-30T14:07:32.498517
Loft lumineux à Graslin,174349,43,44000,Nantes,seloger,2025-08-01T14:07:32.498517,Quartier_13,2025-11-30T14:07:32.498517
T1 calme à Chartrons,74249,19,33000,Bordeaux,seloger,2025-10-13T14:07:32.498517,Quartier_14,2025-11-30T14:07:32.498517
T4 calme à Ecusson,405320,82,34000,Montpellier,insee,2025-07-30T14:07:32.498517,Quartier_15,2025-11-30T14:07:32.498517
T3 bien situé à Centre,159282,61,49000,Angers,insee,2025-09-20T14:07:32.498517,Quartier_16,2025-11-30T14:07:32.498517
T4 moderne à Libération,294607,83,06000,Nice,leboncoin,2025-10-06T14:07:32.498517,Quartier_17,2025-11-30T14:07:32.498517
T1 lumineux à Montmartre,488521,31,75001,Paris,leboncoin,2025-09-05T14:07:32.498517,Quartier_18,2025-11-30T14:07:32.498517
Studio rénové à Saint-Cyprien,87962,20,31000,Toulouse,leboncoin,2025-07-25T14:07:32.498517,Quartier_19,2025-11-30T14:07:32.498517
Appartement bien situé à Garrigues,103931,49,30000,Nîmes,leboncoin,2025-07-29T14:07:32.498517,Quartier_20,2025-11-30T14:07:32.498517
Duplex calme à Trefilerie,176877,98,42000,Saint-Étienne,insee,2025-11-05T14:07:32.498517,Quartier_21,2025-11-30T14:07:32.498517
T5+ lumineux à Ecusson,449794,97,34000,Montpellier,leboncoin,2025-10-24T14:07:32.498517,Quartier_22,2025-11-30T14:07:32.498517
Villa moderne à Carmes,595873,183,31000,Toulouse,json_import,2025-09-29T14:07:32.498517,Quartier_23,2025-11-30T14:07:32.498517
Loft rénové à Champratel,54704,30,63000,Clermont-Ferrand,seloger,2025-07-06T14:07:32.498517,Quartier_24,2025-11-30T14:07:32.498517
T2 moderne à Montmartre,446484,30,75001,Paris,insee,2025-06-19T14:07:32.498517,Quartier_25,2025-11-30T14:07:32.498517
Studio moderne à Esquermes,112131,32,59000,Lille,seloger,2025-08-31T14:07:32.498517,Quartier_26,2025-11-30T14:07:32.498517
T4 moderne à Louvre,1005358,79,75001,Paris,csv_import,2025-09-05T14:07:32.498517,Quartier_27,2025-11-30T14:07:32.498517
Maison bien situé à Centre,289762,109,63000,Clermont-Ferrand,leboncoin,2025-08-06T14:07:32.498517,Quartier_28,2025-11-30T14:07:32.498517
Maison moderne à Antigone,695141,169,34000,Montpellier,json_import,2025-09-23T14:07:32.498517,Quartier_29,2025-11-30T14:07:32.498517
T1 calme à Le Corbusier,66997,27,42000,Saint-Étienne,csv_import,2025-08-27T14:07:32.498517,Quartier_30,2025-11-30T14:07:32.498517
Maison bien situé à Saint-Michel,600247,113,33000,Bordeaux,seloger,2025-06-24T14:07:32.498517,Quartier_31,2025-11-30T14:07:32.498517
Loft moderne à Bastide,263005,66,33000,Bordeaux,csv_import,2025-07-08T14:07:32.498517,Quartier_32,2025-11-30T14:07:32.498517
Maison moderne à Centre-ville,644098,137,33000,Bordeaux,json_import,2025-10-17T14:07:32.498517,Quartier_33,2025-11-30T14:07:32.498517
T2 bien situé à Panier,164691,50,13001,Marseille,csv_import,2025-10-02T14:07:32.498517,Quartier_34,2025-11-30T14:07:32.498517
Studio rénové à Le Corbusier,63430,24,42000,Saint-Étienne,csv_import,2025-10-12T14:07:32.498517,Quartier_35,2025-11-30T14:07:32.498517
T1 lumineux à Croix-Rousse,138182,24,69001,Lyon,leboncoin,2025-06-30T14:07:32.498517,Quartier_36,2025-11-30T14:07:32.498517
T3 rénové à Endoume,215928,54,13001,Marseille,seloger,2025-08-24T14:07:32.498517,Quartier_37,2025-11-30T14:07:32.498517
Maison moderne à Graslin,559018,169,44000,Nantes,json_import,2025-10-23T14:07:32.498517,Quartier_38,2025-11-30T14:07:32.498517
Appartement moderne à Saint-Laurent,96345,24,38000,Grenoble,json_import,2025-08-29T14:07:32.498517,Quartier_39,2025-11-30T14:07:32.498517
T3 calme à Centre,176850,60,72000,Le Mans,leboncoin,2025-09-26T14:07:32.498517,Quartier_40,2025-11-30T14:07:32.498517
Duplex rénové à Champratel,177574,94,63000,Clermont-Ferrand,insee,2025-08-22T14:07:32.498517,Quartier_41,2025-11-30T14:07:32.498517
T4 moderne à Lac de Maine,188816,74,49000,Angers,insee,2025-06-15T14:07:32.498517,Quartier_42,2025-11-30T14:07:32.498517
Maison bien situé à Vieux-Nice,702954,160,06000,Nice,insee,2025-07-08T14:07:32.498517,Quartier_43,2025-11-30T14:07:32.498517
T4 bien situé à Centre,368886,76,38000,Grenoble,leboncoin,2025-10-13T14:07:32.498517,Quartier_44,2025-11-30T14:07:32.498517
T3 bien situé à Jas de Bouffan,261689,54,13100,Aix-en-Provence,leboncoin,2025-09-22T14:07:32.498517,Quartier_45,2025-11-30T14:07:32.498517
Appartement moderne à Écusson,143637,54,30000,Nîmes,csv_import,2025-09-14T14:07:32.498517,Quartier_46,2025-11-30T14:07:32.498517
T1 lumineux à Saint-Michel,101958,30,33000,Bordeaux,insee,2025-06-19T14:07:32.498517,Quartier_47,2025-11-30T14:07:32.498517
T4 moderne à Yzeure,137371,60,72000,Le Mans,json_import,2025-07-23T14:07:32.498517,Quartier_48,2025-11-30T14:07:32.498517
Loft calme à Marsannay,215748,73,21000,Dijon,insee,2025-08-16T14:07:32.498517,Quartier_49,2025-11-30T14:07:32.498517
Maison calme à Chartrons,912087,177,33000,Bordeaux,seloger,2025-10-22T14:07:32.498517,Quartier_0,2025-11-30T14:07:32.498517
Villa bien situé à Graslin,666215,195,44000,Nantes,seloger,2025-10-06T14:07:32.498517,Quartier_1,2025-11-30T14:07:32.498517
Appartement calme à Centre,187337,41,35000,Rennes,csv_import,2025-09-20T14:07:32.498517,Quartier_2,2025-11-30T14:07:32.498517
Duplex calme à Mistral,187444,78,38000,Grenoble,seloger,2025-09-27T14:07:32.498517,Quartier_3,2025-11-30T14:07:32.498517
T3 bien situé à Lac de Maine,148324,63,49000,Angers,json_import,2025-07-02T14:07:32.498517,Quartier_4,2025-11-30T14:07:32.498517
T4 calme à Chartrons,247353,62,33000,Bordeaux,csv_import,2025-06-22T14:07:32.498517,Quartier_5,2025-11-30T14:07:32.498517
T2 calme à Fourvière,275499,43,69001,Lyon,leboncoin,2025-06-16T14:07:32.498517,Quartier_6,2025-11-30T14:07:32.498517
Villa rénové à Dervallières,837538,191,44000,Nantes,insee,2025-11-05T14:07:32.498517,Quartier_7,2025-11-30T14:07:32.498517
Duplex bien situé à Presqu'île,198542,46,69001,Lyon,csv_import,2025-11-03T14:07:32.498517,Quartier_8,2025-11-30T14:07:32.498517
T5+ calme à Madeleine,723098,172,44000,Nantes,leboncoin,2025-08-31T14:07:32.498517,Quartier_9,2025-11-30T14:07:32.498517
T1 rénové à Écusson,43694,20,30000,Nîmes,json_import,2025-07-21T14:07:32.498517,Quartier_10,2025-11-30T14:07:32.498517
Studio calme à Carmes,38057,15,31000,Toulouse,csv_import,2025-06-06T14:07:32.498517,Quartier_11,2025-11-30T14:07:32.498517
T1 rénové à Centre-ville,58014,18,29200,Brest,insee,2025-11-29T14:07:32.498517,Quartier_12,2025-11-30T14:07:32.498517
T2 lumineux à Villeboeuf,67293,32,42000,Saint-Étienne,leboncoin,2025-08-28T14:07:32.498517,Quartier_13,2025-11-30T14:07:32.498517
Duplex rénové à Minimes,264275,79,31000,Toulouse,json_import,2025-11-24T14:07:32.498517,Quartier_14,2025-11-30T14:07:32.498517
T2 calme à Port Marianne,100759,33,34000,Montpellier,insee,2025-07-24T14:07:32.498517,Quartier_15,2025-11-30T14:07:32.498517
Appartement rénové à Bastille,139586,49,38000,Grenoble,seloger,2025-10-16T14:07:32.498517,Quartier_16,2025-11-30T14:07:32.498517
Studio lumineux à Centre-ville,114943,23,33000,Bordeaux,leboncoin,2025-08-25T14:07:32.498517,Quartier_17,2025-11-30T14:07:32.498517
Villa bien situé à Centre,417732,170,42000,Saint-Étienne,seloger,2025-09-26T14:07:32.498517,Quartier_18,2025-11-30T14:07:32.498517
Studio lumineux à Centre-ville,89079,31,30000,Nîmes,leboncoin,2025-07-29T14:07:32.498517,Quartier_19,2025-11-30T14:07:32.498517
T4 lumineux à Cleunay,250074,69,35000,Rennes,csv_import,2025-06-29T14:07:32.498517,Quartier_20,2025-11-30T14:07:32.498517
T5+ lumineux à Kerichen,317030,117,29200,Brest,leboncoin,2025-08-25T14:07:32.498517,Quartier_21,2025-11-30T14:07:32.498517
Studio rénové à Fives,81377,29,59000,Lille,leboncoin,2025-09-26T14:07:32.498517,Quartier_22,2025-11-30T14:07:32.498517
T1 rénové à Kerichen,108270,35,29200,Brest,csv_import,2025-09-27T14:07:32.498517,Quartier_23,2025-11-30T14:07:32.498517
T2 calme à Centre,176607,40,35000,Rennes,csv_import,2025-10-26T14:07:32.498517,Quartier_24,2025-11-30T14:07:32.498517
Appartement calme à Villeboeuf,143788,88,42000,Saint-Étienne,csv_import,2025-09-12T14:07:32.498517,Quartier_25,2025-11-30T14:07:32.498517
Appartement lumineux à Carmes,252796,88,31000,Toulouse,json_import,2025-06-08T14:07:32.498517,Quartier_26,2025-11-30T14:07:32.498517
Duplex bien situé à Valdegour,237732,77,30000,Nîmes,csv_import,2025-09-10T14:07:32.498517,Quartier_27,2025-11-30T14:07:32.498517
Duplex lumineux à Panier,209243,58,13001,Marseille,insee,2025-06-17T14:07:32.498517,Quartier_28,2025-11-30T14:07:32.498517
T5+ calme à Madeleine,439508,121,44000,Nantes,leboncoin,2025-10-18T14:07:32.498517,Quartier_29,2025-11-30T14:07:32.498517
T1 lumineux à Le Corbusier,65484,35,42000,Saint-Étienne,leboncoin,2025-08-03T14:07:32.498517,Quartier_30,2025-11-30T14:07:32.498517
Appartement lumineux à Marais,420366,46,75001,Paris,leboncoin,2025-08-10T14:07:32.498517,Quartier_31,2025-11-30T14:07:32.498517
T2 moderne à Brazais,123943,33,35000,Rennes,seloger,2025-09-08T14:07:32.498517,Quartier_32,2025-11-30T14:07:32.498517
Loft lumineux à Saint-Marc,99928,40,29200,Brest,leboncoin,2025-08-17T14:07:32.498517,Quartier_33,2025-11-30T14:07:32.498517
Studio moderne à Jardin Lecoq,61761,31,63000,Clermont-Ferrand,csv_import,2025-11-13T14:07:32.498517,Quartier_34,2025-11-30T14:07:32.498517
Duplex rénové à Centre-ville,576946,97,33000,Bordeaux,seloger,2025-08-17T14:07:32.498517,Quartier_35,2025-11-30T14:07:32.498517
Appartement moderne à Jardin Lecoq,109531,59,63000,Clermont-Ferrand,insee,2025-10-16T14:07:32.498517,Quartier_36,2025-11-30T14:07:32.498517
Duplex calme à Centre,384721,77,38000,Grenoble,insee,2025-10-01T14:07:32.498517,Quartier_37,2025-11-30T14:07:32.498517
T2 bien situé à Yzeure,76518,31,72000,Le Mans,seloger,2025-06-07T14:07:32.498517,Quartier_38,2025-11-30T14:07:32.498517
T3 rénové à Cleunay,194925,58,35000,Rennes,csv_import,2025-11-27T14:07:32.498517,Quartier_39,2025-11-30T14:07:32.498517
Studio calme à Trefilerie,72709,32,42000,Saint-Étienne,json_import,2025-10-19T14:07:32.498517,Quartier_40,2025-11-30T14:07:32.498517
Appartement rénové à Ecusson,127842,28,34000,Montpellier,json_import,2025-06-15T14:07:32.498517,Quartier_41,2025-11-30T14:07:32.498517
Villa moderne à Antigone,825213,157,34000,Montpellier,json_import,2025-11-21T14:07:32.498517,Quartier_42,2025-11-30T14:07:32.498517
Maison calme à Marais,1337156,122,75001,Paris,seloger,2025-10-14T14:07:32.498517,Quartier_43,2025-11-30T14:07:32.498517
Villa moderne à Wazemmes,390495,133,59000,Lille,json_import,2025-08-13T14:07:32.498517,Quartier_44,2025-11-30T14:07:32.498517
T3 moderne à Minimes,181273,46,31000,Toulouse,leboncoin,2025-10-08T14:07:32.498517,Quartier_45,2025-11-30T14:07:32.498517
Studio calme à Saint-Germain,324954,35,75001,Paris,seloger,2025-07-29T14:07:32.498517,Quartier_46,2025-11-30T14:07:32.498517
Loft bien situé à Villeboeuf,105534,64,42000,Saint-Étienne,seloger,2025-09-22T14:07:32.498517,Quartier_47,2025-11-30T14:07:32.498517
Appartement bien situé à Endoume,68712,24,13001,Marseille,csv_import,2025-11-10T14:07:32.498517,Quartier_48,2025-11-30T14:07:32.498517
T5+ calme à Centre,634122,121,35000,Rennes,json_import,2025-09-26T14:07:32.498517,Quartier_49,2025-11-30T14:07:32.498517
Maison rénové à Yzeure,316467,142,72000,Le Mans,csv_import,2025-10-25T14:07:32.498517,Quartier_0,2025-11-30T14:07:32.498517
Villa lumineux à Jardin Lecoq,445399,186,63000,Clermont-Ferrand,json_import,2025-10-19T14:07:32.498517,Quartier_1,2025-11-30T14:07:32.498517
T3 lumineux à Villeboeuf,161897,60,42000,Saint-Étienne,json_import,2025-11-04T14:07:32.498517,Quartier_2,2025-11-30T14:07:32.498517
Studio bien situé à Centre,42107,16,42000,Saint-Étienne,csv_import,2025-11-08T14:07:32.498517,Quartier_3,2025-11-30T14:07:32.498517
T3 calme à Grie,83957,47,72000,Le Mans,leboncoin,2025-09-24T14:07:32.498517,Quartier_4,2025-11-30T14:07:32.498517
Appartement rénové à Marsannay,153414,48,21000,Dijon,insee,2025-10-31T14:07:32.498517,Quartier_5,2025-11-30T14:07:32.498517
Maison moderne à Vieux-Lille,549104,185,59000,Lille,insee,2025-07-27T14:07:32.498517,Quartier_6,2025-11-30T14:07:32.498517
Studio calme à Dervallières,149638,28,44000,Nantes,insee,2025-08-08T14:07:32.498517,Quartier_7,2025-11-30T14:07:32.498517
T4 rénové à Cours Mirabeau,414400,79,13100,Aix-en-Provence,csv_import,2025-09-16T14:07:32.498517,Quartier_8,2025-11-30T14:07:32.498517
T3 calme à Centre,117127,48,63000,Clermont-Ferrand,insee,2025-11-28T14:07:32.498517,Quartier_9,2025-11-30T14:07:32.498517
T4 calme à Centre,273972,66,35000,Rennes,insee,2025-08-26T14:07:32.498517,Quartier_10,2025-11-30T14:07:32.498517
T3 moderne à Madeleine,204067,49,44000,Nantes,seloger,2025-10-23T14:07:32.498517,Quartier_11,2025-11-30T14:07:32.498517
Loft lumineux à Centre,202800,77,49000,Angers,leboncoin,2025-09-28T14:07:32.498517,Quartier_12,2025-11-30T14:07:32.498517
T1 moderne à Dervallières,67614,21,44000,Nantes,json_import,2025-08-01T14:07:32.498517,Quartier_13,2025-11-30T14:07:32.498517
T4 lumineux à Pointe-Rouge,428839,82,13001,Marseille,csv_import,2025-11-20T14:07:32.498517,Quartier_14,2025-11-30T14:07:32.498517
Appartement moderne à Valdegour,215894,94,30000,Nîmes,seloger,2025-08-01T14:07:32.498517,Quartier_15,2025-11-30T14:07:32.498517
T2 lumineux à Endoume,170841,47,13001,Marseille,json_import,2025-11-28T14:07:32.498517,Quartier_16,2025-11-30T14:07:32.498517
T5+ moderne à Brazais,314804,108,35000,Rennes,seloger,2025-09-09T14:07:32.498517,Quartier_17,2025-11-30T14:07:32.498517
T4 lumineux à Lambézellec,176932,90,29200,Brest,leboncoin,2025-09-14T14:07:32.498517,Quartier_18,2025-11-30T14:07:32.498517
Studio moderne à Minimes,119688,33,31000,Toulouse,insee,2025-07-15T14:07:32.498517,Quartier_19,2025-11-30T14:07:32.498517
T3 bien situé à Wazemmes,189545,52,59000,Lille,json_import,2025-09-04T14:07:32.498517,Quartier_20,2025-11-30T14:07:32.498517
Maison bien situé à Fourvière,1035656,181,69001,Lyon,csv_import,2025-07-09T14:07:32.498517,Quartier_21,2025-11-30T14:07:32.498517
T5+ moderne à Puyricard,1084889,200,13100,Aix-en-Provence,leboncoin,2025-07-17T14:07:32.498517,Quartier_22,2025-11-30T14:07:32.498517
Loft bien situé à Cours Mirabeau,457998,83,13100,Aix-en-Provence,json_import,2025-07-09T14:07:32.498517,Quartier_23,2025-11-30T14:07:32.498517
Appartement calme à Le Corbusier,244605,89,42000,Saint-Étienne,csv_import,2025-08-08T14:07:32.498517,Quartier_24,2025-11-30T14:07:32.498517
T3 rénové à Saint-Cyprien,249597,55,31000,Toulouse,insee,2025-07-16T14:07:32.498517,Quartier_25,2025-11-30T14:07:32.498517
T5+ bien situé à Centre-ville,630899,166,33000,Bordeaux,seloger,2025-11-05T14:07:32.498517,Quartier_26,2025-11-30T14:07:32.498517
T5+ rénové à Vieux-Port,543749,110,13001,Marseille,json_import,2025-07-09T14:07:32.498517,Quartier_27,2025-11-30T14:07:32.498517
T3 rénové à Marsannay,242099,67,21000,Dijon,seloger,2025-08-11T14:07:32.498517,Quartier_28,2025-11-30T14:07:32.498517
T1 bien situé à Bastille,49837,19,38000,Grenoble,leboncoin,2025-11-10T14:07:32.498517,Quartier_29,2025-11-30T14:07:32.498517
Maison lumineux à Krutenau,367599,134,67000,Strasbourg,insee,2025-07-11T14:07:32.498517,Quartier_30,2025-11-30T14:07:32.498517
Loft lumineux à Neustadt,282819,71,67000,Strasbourg,csv_import,2025-08-04T14:07:32.498517,Quartier_31,2025-11-30T14:07:32.498517
Villa lumineux à Panier,916703,186,13001,Marseille,csv_import,2025-10-02T14:07:32.498517,Quartier_32,2025-11-30T14:07:32.498517
T5+ calme à Bouffay,623739,157,44000,Nantes,leboncoin,2025-07-14T14:07:32.498517,Quartier_33,2025-11-30T14:07:32.498517
Loft lumineux à Saint-Cyprien,98429,32,31000,Toulouse,leboncoin,2025-09-24T14:07:32.498517,Quartier_34,2025-11-30T14:07:32.498517
T2 rénové à Puyricard,232521,41,13100,Aix-en-Provence,leboncoin,2025-09-04T14:07:32.498517,Quartier_35,2025-11-30T14:07:32.498517
Duplex calme à Neustadt,148125,43,67000,Strasbourg,json_import,2025-10-05T14:07:32.498517,Quartier_36,2025-11-30T14:07:32.498517
Studio bien situé à Croix-Rousse,129353,29,69001,Lyon,insee,2025-06-24T14:07:32.498517,Quartier_37,2025-11-30T14:07:32.498517
Appartement bien situé à Roseraie,113333,47,49000,Angers,leboncoin,2025-07-15T14:07:32.498517,Quartier_38,2025-11-30T14:07:32.498517
Appartement moderne à Endoume,220109,87,13001,Marseille,insee,2025-09-17T14:07:32.498517,Quartier_39,2025-11-30T14:07:32.498517
Maison moderne à Centre,371618,94,35000,Rennes,leboncoin,2025-10-19T14:07:32.498517,Quartier_40,2025-11-30T14:07:32.498517
T4 rénové à Bouffay,250801,66,44000,Nantes,json_import,2025-09-20T14:07:32.498517,Quartier_41,2025-11-30T14:07:32.498517
T3 bien situé à Centre,259056,69,21000,Dijon,seloger,2025-06-18T14:07:32.498517,Quartier_42,2025-11-30T14:07:32.498517
T5+ calme à Belle-Beille,362955,182,49000,Angers,csv_import,2025-10-13T14:07:32.498517,Quartier_43,2025-11-30T14:07:32.498517
T3 moderne à Saint-Marc,154169,61,29200,Brest,json_import,2025-06-09T14:07:32.498517,Quartier_44,2025-11-30T14:07:32.498517
Villa lumineux à Bastille,499089,174,38000,Grenoble,csv_import,2025-11-04T14:07:32.498517,Quartier_45,2025-11-30T14:07:32.498517
T1 lumineux à Bastille,103919,32,38000,Grenoble,seloger,2025-06-22T14:07:32.498517,Quartier_46,2025-11-30T14:07:32.498517
T2 lumineux à Puyricard,227308,48,13100,Aix-en-Provence,seloger,2025-09-22T14:07:32.498517,Quartier_47,2025-11-30T14:07:32.498517
T2 rénové à Fives,138339,40,59000,Lille,csv_import,2025-11-02T14:07:32.498517,Quartier_48,2025-11-30T14:07:32.498517
T4 rénové à Panier,293096,86,13001,Marseille,csv_import,2025-10-14T14:07:32.498517,Quartier_49,2025-11-30T14:07:32.498517
T5+ calme à Louvre,3383975,199,75001,Paris,json_import,2025-09-03T14:07:32.498517,Quartier_0,2025-11-30T14:07:32.498517
Villa bien situé à Madeleine,621074,137,44000,Nantes,json_import,2025-10-25T14:07:32.498517,Quartier_1,2025-11-30T14:07:32.498517
T1 calme à Saint-Germain,359613,24,75001,Paris,json_import,2025-10-21T14:07:32.498517,Quartier_2,2025-11-30T14:07:32.498517
Maison bien situé à Celleneuve,313542,93,34000,Montpellier,leboncoin,2025-09-16T14:07:32.498517,Quartier_3,2025-11-30T14:07:32.498517
T1 calme à Montchapet,117643,35,21000,Dijon,json_import,2025-10-24T14:07:32.498517,Quartier_4,2025-11-30T14:07:32.498517
T2 lumineux à Pointe-Rouge,179350,39,13001,Marseille,seloger,2025-11-18T14:07:32.498517,Quartier_5,2025-11-30T14:07:32.498517
T3 bien situé à Libération,373271,61,06000,Nice,csv_import,2025-11-21T14:07:32.498517,Quartier_6,2025-11-30T14:07:32.498517
T3 lumineux à Centre,165820,52,21000,Dijon,leboncoin,2025-06-07T14:07:32.498517,Quartier_7,2025-11-30T14:07:32.498517
T4 moderne à Le Corbusier,203004,87,42000,Saint-Étienne,leboncoin,2025-11-10T14:07:32.498517,Quartier_8,2025-11-30T14:07:32.498517
Villa rénové à Montchapet,487721,185,21000,Dijon,json_import,2025-10-01T14:07:32.498517,Quartier_9,2025-11-30T14:07:32.498517
T1 lumineux à Mistral,145521,35,38000,Grenoble,csv_import,2025-06-04T14:07:32.498517,Quartier_10,2025-11-30T14:07:32.498517
T3 lumineux à Chartrons,179668,51,33000,Bordeaux,leboncoin,2025-08-08T14:07:32.498517,Quartier_11,2025-11-30T14:07:32.498517
Duplex lumineux à Saint-Germain,414675,32,75001,Paris,csv_import,2025-10-24T14:07:32.498517,Quartier_12,2025-11-30T14:07:32.498517
T4 moderne à Yzeure,190886,84,72000,Le Mans,json_import,2025-09-20T14:07:32.498517,Quartier_13,2025-11-30T14:07:32.498517
T4 rénové à Montchapet,163368,81,21000,Dijon,seloger,2025-07-03T14:07:32.498517,Quartier_14,2025-11-30T14:07:32.498517
T5+ calme à Fives,403681,143,59000,Lille,seloger,2025-11-08T14:07:32.498517,Quartier_15,2025-11-30T14:07:32.498517
Appartement rénové à Celleneuve,393810,82,34000,Montpellier,json_import,2025-11-25T14:07:32.498517,Quartier_16,2025-11-30T14:07:32.498517
Duplex calme à Saint-Laurent,83833,20,38000,Grenoble,csv_import,2025-11-26T14:07:32.498517,Quartier_17,2025-11-30T14:07:32.498517
Duplex rénové à Antigone,108880,30,34000,Montpellier,seloger,2025-10-10T14:07:32.498517,Quartier_18,2025-11-30T14:07:32.498517
T1 lumineux à Madeleine,86545,20,44000,Nantes,csv_import,2025-08-25T14:07:32.498517,Quartier_19,2025-11-30T14:07:32.498517
T2 lumineux à Chartrons,151971,32,33000,Bordeaux,leboncoin,2025-09-19T14:07:32.498517,Quartier_20,2025-11-30T14:07:32.498517
T2 lumineux à Saint-Marc,79233,31,29200,Brest,json_import,2025-11-21T14:07:32.498517,Quartier_21,2025-11-30T14:07:32.498517
Villa bien situé à Grie,338918,189,72000,Le Mans,json_import,2025-10-29T14:07:32.498517,Quartier_22,2025-11-30T14:07:32.498517
Duplex rénové à Écusson,52799,22,30000,Nîmes,insee,2025-11-24T14:07:32.498517,Quartier_23,2025-11-30T14:07:32.498517
Villa bien situé à Vieux-Lille,297406,119,59000,Lille,leboncoin,2025-07-17T14:07:32.498517,Quartier_24,2025-11-30T14:07:32.498517
T4 lumineux à Pointe-Rouge,350575,80,13001,Marseille,seloger,2025-08-25T14:07:32.498517,Quartier_25,2025-11-30T14:07:32.498517
Duplex lumineux à Ecusson,357409,92,34000,Montpellier,csv_import,2025-06-07T14:07:32.498517,Quartier_26,2025-11-30T14:07:32.498517
Maison lumineux à Dervallières,643506,173,44000,Nantes,seloger,2025-07-20T14:07:32.498517,Quartier_27,2025-11-30T14:07:32.498517
T1 calme à Presqu'île,177555,32,69001,Lyon,json_import,2025-07-22T14:07:32.498517,Quartier_28,2025-11-30T14:07:32.498517
Maison calme à Jardin Lecoq,464638,178,63000,Clermont-Ferrand,leboncoin,2025-06-25T14:07:32.498517,Quartier_29,2025-11-30T14:07:32.498517
Loft moderne à Lac de Maine,192834,79,49000,Angers,json_import,2025-07-25T14:07:32.498517,Quartier_30,2025-11-30T14:07:32.498517
T3 lumineux à Centre-ville,150911,60,29200,Brest,leboncoin,2025-08-10T14:07:32.498517,Quartier_31,2025-11-30T14:07:32.498517
Studio rénové à Le Corbusier,70816,35,42000,Saint-Étienne,json_import,2025-08-30T14:07:32.498517,Quartier_32,2025-11-30T14:07:32.498517
Maison rénové à Bouffay,706538,162,44000,Nantes,insee,2025-10-21T14:07:32.498517,Quartier_33,2025-11-30T14:07:32.498517
Duplex calme à Krutenau,76476,24,67000,Strasbourg,leboncoin,2025-06-04T14:07:32.498517,Quartier_34,2025-11-30T14:07:32.498517
T1 lumineux à Cours Mirabeau,134641,28,13100,Aix-en-Provence,csv_import,2025-07-24T14:07:32.498517,Quartier_35,2025-11-30T14:07:32.498517
Villa lumineux à Centre,457946,142,21000,Dijon,seloger,2025-08-31T14:07:32.498517,Quartier_36,2025-11-30T14:07:32.498517
T4 lumineux à Centre,230237,67,63000,Clermont-Ferrand,json_import,2025-08-28T14:07:32.498517,Quartier_37,2025-11-30T14:07:32.498517
T2 calme à Port Marianne,125723,44,34000,Montpellier,leboncoin,2025-08-01T14:07:32.498517,Quartier_38,2025-11-30T14:07:32.498517
Duplex calme à Part-Dieu,194291,37,69001,Lyon,json_import,2025-06-30T14:07:32.498517,Quartier_39,2025-11-30T14:07:32.498517
Studio calme à Esquermes,63682,25,59000,Lille,json_import,2025-10-14T14:07:32.498517,Quartier_40,2025-11-30T14:07:32.498517
Loft rénové à Bastide,508146,85,33000,Bordeaux,json_import,2025-07-30T14:07:32.498517,Quartier_41,2025-11-30T14:07:32.498517
Duplex calme à Saint-Cyprien,179669,44,31000,Toulouse,insee,2025-07-21T14:07:32.498517,Quartier_42,2025-11-30T14:07:32.498517
T5+ calme à Endoume,522481,155,13001,Marseille,seloger,2025-06-13T14:07:32.498517,Quartier_43,2025-11-30T14:07:32.498517
T4 calme à Graslin,248625,64,44000,Nantes,csv_import,2025-07-12T14:07:32.498517,Quartier_44,2025-11-30T14:07:32.498517
T5+ lumineux à Centre,399006,90,67000,Strasbourg,leboncoin,2025-10-08T14:07:32.498517,Quartier_45,2025-11-30T14:07:32.498517
T3 bien situé à Ecusson,320685,68,34000,Montpellier,leboncoin,2025-08-18T14:07:32.498517,Quartier_46,2025-11-30T14:07:32.498517
Loft moderne à Villejean,68226,24,35000,Rennes,insee,2025-09-07T14:07:32.498517,Quartier_47,2025-11-30T14:07:32.498517
Duplex calme à Pointe-Rouge,249300,57,13001,Marseille,json_import,2025-10-24T14:07:32.498517,Quartier_48,2025-11-30T14:07:32.498517
T4 bien situé à Villeboeuf,151927,68,42000,Saint-Étienne,csv_import,2025-11-30T14:07:32.498517,Quartier_49,2025-11-30T14:07:32.498517
T4 bien situé à Grie,119172,61,72000,Le Mans,json_import,2025-06-06T14:07:32.498517,Quartier_0,2025-11-30T14:07:32.498517
Villa calme à Belle-Beille,308071,94,49000,Angers,csv_import,2025-06-27T14:07:32.498517,Quartier_1,2025-11-30T14:07:32.498517
T4 calme à Écusson,131158,70,30000,Nîmes,json_import,2025-08-06T14:07:32.498517,Quartier_2,2025-11-30T14:07:32.498517
Duplex bien situé à Chartrons,499153,96,33000,Bordeaux,insee,2025-07-06T14:07:32.498517,Quartier_3,2025-11-30T14:07:32.498517
T1 calme à Riquier,208680,33,06000,Nice,json_import,2025-09-04T14:07:32.498517,Quartier_4,2025-11-30T14:07:32.498517
Villa calme à Carmes,644214,137,31000,Toulouse,insee,2025-08-07T14:07:32.498517,Quartier_5,2025-11-30T14:07:32.498517
Villa calme à Carmes,326837,86,31000,Toulouse,json_import,2025-10-08T14:07:32.498517,Quartier_6,2025-11-30T14:07:32.498517
Studio lumineux à Garrigues,47055,21,30000,Nîmes,leboncoin,2025-10-12T14:07:32.498517,Quartier_7,2025-11-30T14:07:32.498517
T2 bien situé à Jas de Bouffan,150757,31,13100,Aix-en-Provence,seloger,2025-06-11T14:07:32.498517,Quartier_8,2025-11-30T14:07:32.498517
T4 calme à Villejean,259608,81,35000,Rennes,insee,2025-07-08T14:07:32.498517,Quartier_9,2025-11-30T14:07:32.498517
T3 bien situé à Centre,125424,51,49000,Angers,leboncoin,2025-07-13T14:07:32.498517,Quartier_10,2025-11-30T14:07:32.498517
Appartement rénové à Kerichen,125584,52,29200,Brest,json_import,2025-11-10T14:07:32.498517,Quartier_11,2025-11-30T14:07:32.498517
Appartement lumineux à Presqu'île,248290,71,69001,Lyon,json_import,2025-07-04T14:07:32.498517,Quartier_12,2025-11-30T14:07:32.498517
T2 moderne à Faubourg North,74774,33,21000,Dijon,csv_import,2025-08-11T14:07:32.498517,Quartier_13,2025-11-30T14:07:32.498517
Villa moderne à Cours Mirabeau,645620,123,13100,Aix-en-Provence,csv_import,2025-08-09T14:07:32.498517,Quartier_14,2025-11-30T14:07:32.498517
Studio calme à Celleneuve,83372,28,34000,Montpellier,leboncoin,2025-08-01T14:07:32.498517,Quartier_15,2025-11-30T14:07:32.498517
T5+ bien situé à Centre-ville,821877,166,13100,Aix-en-Provence,json_import,2025-10-16T14:07:32.498517,Quartier_16,2025-11-30T14:07:32.498517
Appartement lumineux à Jacobins,198169,81,72000,Le Mans,csv_import,2025-11-18T14:07:32.498517,Quartier_17,2025-11-30T14:07:32.498517
Appartement lumineux à Saint-Marc,179694,56,29200,Brest,seloger,2025-06-09T14:07:32.498517,Quartier_18,2025-11-30T14:07:32.498517
T3 rénové à Graslin,258062,59,44000,Nantes,leboncoin,2025-06-09T14:07:32.498517,Quartier_19,2025-11-30T14:07:32.498517
Appartement rénové à Trefilerie,193037,91,42000,Saint-Étienne,json_import,2025-11-10T14:07:32.498517,Quartier_20,2025-11-30T14:07:32.498517
Appartement calme à Montferrand,275299,95,63000,Clermont-Ferrand,leboncoin,2025-11-05T14:07:32.498517,Quartier_21,2025-11-30T14:07:32.498517
T4 bien situé à Bastille,286264,71,38000,Grenoble,insee,2025-09-25T14:07:32.498517,Quartier_22,2025-11-30T14:07:32.498517
Villa calme à Vieux-Lille,290907,132,59000,Lille,insee,2025-07-07T14:07:32.498517,Quartier_23,2025-11-30T14:07:32.498517
Duplex calme à Cours Mirabeau,112353,27,13100,Aix-en-Provence,json_import,2025-06-26T14:07:32.498517,Quartier_24,2025-11-30T14:07:32.498517
Studio moderne à Part-Dieu,168417,31,69001,Lyon,seloger,2025-09-14T14:07:32.498517,Quartier_25,2025-11-30T14:07:32.498517
T2 calme à Grie,68161,36,72000,Le Mans,csv_import,2025-07-20T14:07:32.498517,Quartier_26,2025-11-30T14:07:32.498517
Loft rénové à Centre-ville,134374,63,30000,Nîmes,csv_import,2025-11-30T14:07:32.498517,Quartier_27,2025-11-30T14:07:32.498517
T2 calme à Minimes,103986,41,31000,Toulouse,leboncoin,2025-09-16T14:07:32.498517,Quartier_28,2025-11-30T14:07:32.498517
T2 calme à Fives,111269,34,59000,Lille,leboncoin,2025-08-19T14:07:32.498517,Quartier_29,2025-11-30T14:07:32.498517
Studio calme à Riquier,101898,22,06000,Nice,leboncoin,2025-06-08T14:07:32.498517,Quartier_30,2025-11-30T14:07:32.498517
T5+ calme à Montferrand,392491,146,63000,Clermont-Ferrand,leboncoin,2025-11-17T14:07:32.498517,Quartier_31,2025-11-30T14:07:32.498517
Maison moderne à Valdegour,579908,173,30000,Nîmes,json_import,2025-10-12T14:07:32.498517,Quartier_32,2025-11-30T14:07:32.498517
Maison lumineux à Mistral,430216,148,38000,Grenoble,json_import,2025-09-21T14:07:32.498517,Quartier_33,2025-11-30T14:07:32.498517
T3 calme à Carmes,252627,68,31000,Toulouse,csv_import,2025-08-24T14:07:32.498517,Quartier_34,2025-11-30T14:07:32.498517
T5+ lumineux à Paillon,464525,140,06000,Nice,seloger,2025-10-07T14:07:32.498517,Quartier_35,2025-11-30T14:07:32.498517
T3 lumineux à Wazemmes,161354,57,59000,Lille,seloger,2025-06-27T14:07:32.498517,Quartier_36,2025-11-30T14:07:32.498517
T4 calme à Lambézellec,149696,72,29200,Brest,csv_import,2025-07-02T14:07:32.498517,Quartier_37,2025-11-30T14:07:32.498517
Loft calme à Centre-ville,272358,61,13100,Aix-en-Provence,leboncoin,2025-08-30T14:07:32.498517,Quartier_38,2025-11-30T14:07:32.498517
T5+ calme à Centre,453566,159,63000,Clermont-Ferrand,json_import,2025-10-17T14:07:32.498517,Quartier_39,2025-11-30T14:07:32.498517
T5+ lumineux à Centre,260095,109,72000,Le Mans,insee,2025-06-29T14:07:32.498517,Quartier_40,2025-11-30T14:07:32.498517
Maison moderne à Esquermes,558271,195,59000,Lille,seloger,2025-08-02T14:07:32.498517,Quartier_41,2025-11-30T14:07:32.498517
Duplex calme à Bouffay,110985,28,44000,Nantes,csv_import,2025-07-19T14:07:32.498517,Quartier_42,2025-11-30T14:07:32.498517
T2 moderne à Esquermes,122905,30,59000,Lille,csv_import,2025-09-19T14:07:32.498517,Quartier_43,2025-11-30T14:07:32.498517
Studio rénové à Vieux-Port,123365,28,13001,Marseille,insee,2025-10-30T14:07:32.498517,Quartier_44,2025-11-30T14:07:32.498517
Duplex lumineux à Neustadt,263599,67,67000,Strasbourg,insee,2025-11-11T14:07:32.498517,Quartier_45,2025-11-30T14:07:32.498517
Maison bien situé à Fives,519177,185,59000,Lille,insee,2025-07-25T14:07:32.498517,Quartier_46,2025-11-30T14:07:32.498517
Villa lumineux à Lac de Maine,364599,151,49000,Angers,json_import,2025-08-20T14:07:32.498517,Quartier_47,2025-11-30T14:07:32.498517
Villa calme à Villeboeuf,185213,100,42000,Saint-Étienne,csv_import,2025-07-17T14:07:32.498517,Quartier_48,2025-11-30T14:07:32.498517
Duplex moderne à Capitole,170319,33,31000,Toulouse,leboncoin,2025-08-05T14:07:32.498517,Quartier_49,2025-11-30T14:07:32.498517
Studio rénové à Neustadt,53084,18,67000,Strasbourg,insee,2025-10-18T14:07:32.498517,Quartier_0,2025-11-30T14:07:32.498517
T4 rénové à Vieux-Lille,270889,83,59000,Lille,json_import,2025-06-17T14:07:32.498517,Quartier_1,2025-11-30T14:07:32.498517
Maison calme à Wazemmes,475613,176,59000,Lille,insee,2025-07-26T14:07:32.498517,Quartier_2,2025-11-30T14:07:32.498517
T4 calme à Vieux-Lille,249026,87,59000,Lille,insee,2025-08-16T14:07:32.498517,Quartier_3,2025-11-30T14:07:32.498517
Villa rénové à Mistral,439457,129,38000,Grenoble,csv_import,2025-11-26T14:07:32.498517,Quartier_4,2025-11-30T14:07:32.498517
T5+ bien situé à Capitole,542270,153,31000,Toulouse,leboncoin,2025-09-02T14:07:32.498517,Quartier_5,2025-11-30T14:07:32.498517
T1 calme à Centre,82776,27,72000,Le Mans,seloger,2025-10-05T14:07:32.498517,Quartier_6,2025-11-30T14:07:32.498517
Duplex lumineux à Puyricard,293003,48,13100,Aix-en-Provence,csv_import,2025-08-30T14:07:32.498517,Quartier_7,2025-11-30T14:07:32.498517
Loft moderne à Celleneuve,75251,27,34000,Montpellier,leboncoin,2025-11-19T14:07:32.498517,Quartier_8,2025-11-30T14:07:32.498517
Duplex bien situé à Belle-Beille,60953,23,49000,Angers,json_import,2025-06-18T14:07:32.498517,Quartier_9,2025-11-30T14:07:32.498517
Loft rénové à Jacobins,190529,91,72000,Le Mans,csv_import,2025-09-16T14:07:32.498517,Quartier_10,2025-11-30T14:07:32.498517
T1 moderne à Centre,96847,27,35000,Rennes,insee,2025-10-15T14:07:32.498517,Quartier_11,2025-11-30T14:07:32.498517
Appartement rénové à Riquier,195933,36,06000,Nice,csv_import,2025-08-31T14:07:32.498517,Quartier_12,2025-11-30T14:07:32.498517
Villa calme à Riquier,485199,97,06000,Nice,csv_import,2025-07-03T14:07:32.498517,Quartier_13,2025-11-30T14:07:32.498517
Maison rénové à Valdegour,377141,143,30000,Nîmes,csv_import,2025-10-29T14:07:32.498517,Quartier_14,2025-11-30T14:07:32.498517
Maison calme à Fourvière,555874,121,69001,Lyon,leboncoin,2025-07-01T14:07:32.498517,Quartier_15,2025-11-30T14:07:32.498517
Appartement lumineux à Cleunay,236639,82,35000,Rennes,leboncoin,2025-11-30T14:07:32.498517,Quartier_16,2025-11-30T14:07:32.498517
T3 bien situé à Vieux-Nice,300417,61,06000,Nice,leboncoin,2025-06-07T14:07:32.498517,Quartier_17,2025-11-30T14:07:32.498517
T4 moderne à Cleunay,339631,90,35000,Rennes,leboncoin,2025-08-25T14:07:32.498517,Quartier_18,2025-11-30T14:07:32.498517
Studio bien situé à Orangerie,52206,19,67000,Strasbourg,json_import,2025-11-10T14:07:32.498517,Quartier_19,2025-11-30T14:07:32.498517
T4 lumineux à Garrigues,224841,77,30000,Nîmes,seloger,2025-06-08T14:07:32.498517,Quartier_20,2025-11-30T14:07:32.498517
Studio rénové à Krutenau,113817,35,67000,Strasbourg,json_import,2025-06-25T14:07:32.498517,Quartier_21,2025-11-30T14:07:32.498517
T2 bien situé à Fives,136842,40,59000,Lille,seloger,2025-10-21T14:07:32.498517,Quartier_22,2025-11-30T14:07:32.498517
T3 lumineux à Centre-ville,149166,67,30000,Nîmes,csv_import,2025-08-13T14:07:32.498517,Quartier_23,2025-11-30T14:07:32.498517
Villa bien situé à Pointe-Rouge,556101,157,13001,Marseille,leboncoin,2025-09-24T14:07:32.498517,Quartier_24,2025-11-30T14:07:32.498517
Appartement moderne à Cleunay,177660,69,35000,Rennes,leboncoin,2025-09-06T14:07:32.498517,Quartier_25,2025-11-30T14:07:32.498517
Studio calme à Bouffay,64625,22,44000,Nantes,leboncoin,2025-07-02T14:07:32.498517,Quartier_26,2025-11-30T14:07:32.498517
T2 bien situé à Yzeure,108175,50,72000,Le Mans,seloger,2025-11-23T14:07:32.498517,Quartier_27,2025-11-30T14:07:32.498517
Appartement moderne à Fourvière,335632,54,69001,Lyon,csv_import,2025-11-23T14:07:32.498517,Quartier_28,2025-11-30T14:07:32.498517
T2 lumineux à Capitole,110054,33,31000,Toulouse,leboncoin,2025-09-13T14:07:32.498517,Quartier_29,2025-11-30T14:07:32.498517
Maison bien situé à Bastide,390503,129,33000,Bordeaux,seloger,2025-11-27T14:07:32.498517,Quartier_30,2025-11-30T14:07:32.498517
T5+ moderne à Esquermes,509121,137,59000,Lille,json_import,2025-09-23T14:07:32.498517,Quartier_31,2025-11-30T14:07:32.498517
T1 moderne à Champratel,38166,20,63000,Clermont-Ferrand,csv_import,2025-11-30T14:07:32.498517,Quartier_32,2025-11-30T14:07:32.498517
T1 calme à Part-Dieu,143127,21,69001,Lyon,seloger,2025-07-10T14:07:32.498517,Quartier_33,2025-11-30T14:07:32.498517
Loft calme à Panier,76632,29,13001,Marseille,seloger,2025-09-18T14:07:32.498517,Quartier_34,2025-11-30T14:07:32.498517
T5+ lumineux à Esquermes,555065,144,59000,Lille,csv_import,2025-07-13T14:07:32.498517,Quartier_35,2025-11-30T14:07:32.498517
T1 rénové à Croix-Rousse,198663,28,69001,Lyon,insee,2025-10-13T14:07:32.498517,Quartier_36,2025-11-30T14:07:32.498517
T3 rénové à Saint-Marc,128891,63,29200,Brest,seloger,2025-07-21T14:07:32.498517,Quartier_37,2025-11-30T14:07:32.498517
T3 moderne à Centre,256139,56,35000,Rennes,csv_import,2025-07-05T14:07:32.498517,Quartier_38,2025-11-30T14:07:32.498517
T4 rénové à Montferrand,151968,71,63000,Clermont-Ferrand,leboncoin,2025-09-06T14:07:32.498517,Quartier_39,2025-11-30T14:07:32.498517
Maison bien situé à Orangerie,613413,171,67000,Strasbourg,insee,2025-11-03T14:07:32.498517,Quartier_40,2025-11-30T14:07:32.498517
T5+ calme à Fives,249165,92,59000,Lille,csv_import,2025-10-31T14:07:32.498517,Quartier_41,2025-11-30T14:07:32.498517
Duplex rénové à Endoume,268922,60,13001,Marseille,leboncoin,2025-08-07T14:07:32.498517,Quartier_42,2025-11-30T14:07:32.498517
T2 lumineux à Minimes,106707,34,31000,Toulouse,csv_import,2025-07-10T14:07:32.498517,Quartier_43,2025-11-30T14:07:32.498517
T5+ bien situé à Brazais,588981,186,35000,Rennes,leboncoin,2025-08-10T14:07:32.498517,Quartier_44,2025-11-30T14:07:32.498517
Loft lumineux à Montferrand,78834,39,63000,Clermont-Ferrand,json_import,2025-07-09T14:07:32.498517,Quartier_45,2025-11-30T14:07:32.498517
Maison moderne à Bouffay,720732,157,44000,Nantes,seloger,2025-08-28T14:07:32.498517,Quartier_46,2025-11-30T14:07:32.498517
Duplex lumineux à Centre,230351,82,49000,Angers,leboncoin,2025-08-18T14:07:32.498517,Quartier_47,2025-11-30T14:07:32.498517
T1 rénové à Fives,103373,34,59000,Lille,leboncoin,2025-07-25T14:07:32.498517,Quartier_48,2025-11-30T14:07:32.498517
T4 calme à Wazemmes,240140,81,59000,Lille,seloger,2025-07-17T14:07:32.498517,Quartier_49,2025-11-30T14:07:32.498517
T4 rénové à Vieux-Lille,207147,62,59000,Lille,csv_import,2025-10-03T14:07:32.498517,Quartier_0,2025-11-30T14:07:32.498517
T5+ rénové à Presqu'île,549836,110,69001,Lyon,seloger,2025-08-30T14:07:32.498517,Quartier_1,2025-11-30T14:07:32.498517
T1 rénové à Croix-Rousse,130731,23,69001,Lyon,json_import,2025-07-02T14:07:32.498517,Quartier_2,2025-11-30T14:07:32.498517
Appartement calme à Orangerie,151646,41,67000,Strasbourg,seloger,2025-10-19T14:07:32.498517,Quartier_3,2025-11-30T14:07:32.498517
Studio moderne à Écusson,34643,15,30000,Nîmes,insee,2025-06-03T14:07:32.498517,Quartier_4,2025-11-30T14:07:32.498517
Duplex moderne à Lac de Maine,139167,57,49000,Angers,leboncoin,2025-09-12T14:07:32.498517,Quartier_5,2025-11-30T14:07:32.498517
Maison rénové à Le Corbusier,330832,190,42000,Saint-Étienne,insee,2025-11-24T14:07:32.498517,Quartier_6,2025-11-30T14:07:32.498517
Loft calme à Le Corbusier,95036,39,42000,Saint-Étienne,seloger,2025-07-17T14:07:32.498517,Quartier_7,2025-11-30T14:07:32.498517
Duplex calme à Vieux-Port,175802,43,13001,Marseille,insee,2025-08-07T14:07:32.498517,Quartier_8,2025-11-30T14:07:32.498517
Villa calme à Villeboeuf,270831,130,42000,Saint-Étienne,csv_import,2025-10-30T14:07:32.498517,Quartier_9,2025-11-30T14:07:32.498517
T5+ calme à Marsannay,209586,94,21000,Dijon,json_import,2025-07-03T14:07:32.498517,Quartier_10,2025-11-30T14:07:32.498517
T1 rénové à Jas de Bouffan,89346,22,13100,Aix-en-Provence,insee,2025-09-12T14:07:32.498517,Quartier_11,2025-11-30T14:07:32.498517
T5+ calme à Yzeure,547642,176,72000,Le Mans,csv_import,2025-11-21T14:07:32.498517,Quartier_12,2025-11-30T14:07:32.498517
T2 moderne à Centre-ville,265551,47,33000,Bordeaux,json_import,2025-08-28T14:07:32.498517,Quartier_13,2025-11-30T14:07:32.498517
Appartement calme à Esquermes,121217,35,59000,Lille,csv_import,2025-11-17T14:07:32.498517,Quartier_14,2025-11-30T14:07:32.498517
Maison bien situé à Minimes,571368,173,31000,Toulouse,insee,2025-09-07T14:07:32.498517,Quartier_15,2025-11-30T14:07:32.498517
T4 moderne à Vieux-Lille,222586,66,59000,Lille,leboncoin,2025-10-03T14:07:32.498517,Quartier_16,2025-11-30T14:07:32.498517
Appartement moderne à Centre,107124,40,49000,Angers,leboncoin,2025-08-18T14:07:32.498517,Quartier_17,2025-11-30T14:07:32.498517
Duplex rénové à Grie,221243,95,72000,Le Mans,json_import,2025-11-21T14:07:32.498517,Quartier_18,2025-11-30T14:07:32.498517
T1 rénové à Écusson,113788,35,30000,Nîmes,seloger,2025-08-30T14:07:32.498517,Quartier_19,2025-11-30T14:07:32.498517
T1 rénové à Capitole,107909,19,31000,Toulouse,csv_import,2025-11-16T14:07:32.498517,Quartier_20,2025-11-30T14:07:32.498517
Villa lumineux à Puyricard,578963,161,13100,Aix-en-Provence,insee,2025-09-13T14:07:32.498517,Quartier_21,2025-11-30T14:07:32.498517
Villa lumineux à Wazemmes,455946,131,59000,Lille,seloger,2025-07-22T14:07:32.498517,Quartier_22,2025-11-30T14:07:32.498517
T5+ rénové à Wazemmes,601108,172,59000,Lille,leboncoin,2025-11-01T14:07:32.498517,Quartier_23,2025-11-30T14:07:32.498517
T2 calme à Centre-ville,60865,31,29200,Brest,seloger,2025-09-19T14:07:32.498517,Quartier_24,2025-11-30T14:07:32.498517
Loft lumineux à Bastide,468739,96,33000,Bordeaux,insee,2025-09-16T14:07:32.498517,Quartier_25,2025-11-30T14:07:32.498517
T2 rénové à Belle-Beille,160987,50,49000,Angers,leboncoin,2025-11-27T14:07:32.498517,Quartier_26,2025-11-30T14:07:32.498517
Studio moderne à Bastille,113046,26,38000,Grenoble,insee,2025-07-01T14:07:32.498517,Quartier_27,2025-11-30T14:07:32.498517
T3 rénové à Carmes,251112,54,31000,Toulouse,insee,2025-06-24T14:07:32.498517,Quartier_28,2025-11-30T14:07:32.498517
Studio bien situé à Kerichen,34749,18,29200,Brest,leboncoin,2025-06-03T14:07:32.498517,Quartier_29,2025-11-30T14:07:32.498517
T5+ lumineux à Montferrand,340333,194,63000,Clermont-Ferrand,json_import,2025-09-08T14:07:32.498517,Quartier_30,2025-11-30T14:07:32.498517
Studio bien situé à Garrigues,73630,26,30000,Nîmes,csv_import,2025-11-17T14:07:32.498517,Quartier_31,2025-11-30T14:07:32.498517
T5+ calme à Centre,413193,99,21000,Dijon,csv_import,2025-08-17T14:07:32.498517,Quartier_32,2025-11-30T14:07:32.498517
T2 moderne à Champratel,124006,50,63000,Clermont-Ferrand,csv_import,2025-09-09T14:07:32.498517,Quartier_33,2025-11-30T14:07:32.498517
Appartement calme à Neustadt,256782,68,67000,Strasbourg,insee,2025-06-16T14:07:32.498517,Quartier_34,2025-11-30T14:07:32.498517
T3 moderne à Brazais,140181,45,35000,Rennes,insee,2025-09-12T14:07:32.498517,Quartier_35,2025-11-30T14:07:32.498517
Studio bien situé à Wazemmes,107592,34,59000,Lille,json_import,2025-11-20T14:07:32.498517,Quartier_36,2025-11-30T14:07:32.498517
Duplex calme à Le Corbusier,68507,37,42000,Saint-Étienne,csv_import,2025-11-14T14:07:32.498517,Quartier_37,2025-11-30T14:07:32.498517
T5+ calme à Centre-ville,333312,126,30000,Nîmes,json_import,2025-11-04T14:07:32.498517,Quartier_38,2025-11-30T14:07:32.498517
Loft lumineux à Brazais,79895,21,35000,Rennes,insee,2025-07-13T14:07:32.498517,Quartier_39,2025-11-30T14:07:32.498517
T5+ calme à Centre,474097,109,21000,Dijon,csv_import,2025-09-09T14:07:32.498517,Quartier_40,2025-11-30T14:07:32.498517
Loft moderne à Panier,220084,60,13001,Marseille,leboncoin,2025-07-19T14:07:32.498517,Quartier_41,2025-11-30T14:07:32.498517
Appartement bien situé à Bastille,107334,30,38000,Grenoble,json_import,2025-09-23T14:07:32.498517,Quartier_42,2025-11-30T14:07:32.498517
Studio calme à Cours Mirabeau,74123,20,13100,Aix-en-Provence,json_import,2025-07-01T14:07:32.498517,Quartier_43,2025-11-30T14:07:32.498517
T5+ rénové à Centre-ville,501446,179,30000,Nîmes,csv_import,2025-06-15T14:07:32.498517,Quartier_44,2025-11-30T14:07:32.498517
Villa bien situé à Le Corbusier,284960,178,42000,Saint-Étienne,leboncoin,2025-11-14T14:07:32.498517,Quartier_45,2025-11-30T14:07:32.498517
T2 moderne à Croix-Rousse,172776,42,69001,Lyon,json_import,2025-07-22T14:07:32.498517,Quartier_46,2025-11-30T14:07:32.498517
Studio moderne à Champratel,25906,15,63000,Clermont-Ferrand,seloger,2025-06-29T14:07:32.498517,Quartier_47,2025-11-30T14:07:32.498517
T2 moderne à Saint-Germain,669048,49,75001,Paris,json_import,2025-06-07T14:07:32.498517,Quartier_48,2025-11-30T14:07:32.498517
T1 bien situé à Pointe-Rouge,90722,16,13001,Marseille,csv_import,2025-06-15T14:07:32.498517,Quartier_49,2025-11-30T14:07:32.498517
T5+ bien situé à Endoume,753190,190,13001,Marseille,insee,2025-09-04T14:07:32.498517,Quartier_0,2025-11-30T14:07:32.498517
Appartement calme à Centre,414144,99,35000,Rennes,insee,2025-07-21T14:07:32.498517,Quartier_1,2025-11-30T14:07:32.498517
T2 lumineux à Chartrons,146345,37,33000,Bordeaux,seloger,2025-09-05T14:07:32.498517,Quartier_2,2025-11-30T14:07:32.498517
T3 rénové à Brazais,248921,64,35000,Rennes,insee,2025-11-20T14:07:32.498517,Quartier_3,2025-11-30T14:07:32.498517
Studio rénové à Riquier,141864,31,06000,Nice,csv_import,2025-08-11T14:07:32.498517,Quartier_4,2025-11-30T14:07:32.498517
T5+ calme à Panier,301574,86,13001,Marseille,insee,2025-07-27T14:07:32.498517,Quartier_5,2025-11-30T14:07:32.498517
Villa moderne à Graslin,531191,121,44000,Nantes,json_import,2025-06-24T14:07:32.498517,Quartier_6,2025-11-30T14:07:32.498517
T3 lumineux à Celleneuve,157529,54,34000,Montpellier,insee,2025-08-15T14:07:32.498517,Quartier_7,2025-11-30T14:07:32.498517
T3 bien situé à Jacobins,107904,50,72000,Le Mans,csv_import,2025-11-07T14:07:32.498517,Quartier_8,2025-11-30T14:07:32.498517
Studio moderne à Chartrons,157079,30,33000,Bordeaux,seloger,2025-06-04T14:07:32.498517,Quartier_9,2025-11-30T14:07:32.498517
T1 rénové à Villeboeuf,49934,19,42000,Saint-Étienne,json_import,2025-07-25T14:07:32.498517,Quartier_10,2025-11-30T14:07:32.498517
T5+ rénové à Carmes,593221,171,31000,Toulouse,csv_import,2025-10-06T14:07:32.498517,Quartier_11,2025-11-30T14:07:32.498517
T4 moderne à Champratel,158182,69,63000,Clermont-Ferrand,json_import,2025-07-11T14:07:32.498517,Quartier_12,2025-11-30T14:07:32.498517
T3 lumineux à Puyricard,201035,45,13100,Aix-en-Provence,csv_import,2025-07-14T14:07:32.498517,Quartier_13,2025-11-30T14:07:32.498517
T2 bien situé à Faubourg North,139905,38,21000,Dijon,csv_import,2025-06-20T14:07:32.498517,Quartier_14,2025-11-30T14:07:32.498517
T2 calme à Yzeure,54610,31,72000,Le Mans,csv_import,2025-08-05T14:07:32.498517,Quartier_15,2025-11-30T14:07:32.498517
T4 moderne à Bouffay,272985,80,44000,Nantes,csv_import,2025-06-14T14:07:32.498517,Quartier_16,2025-11-30T14:07:32.498517
T1 calme à Centre,124121,30,35000,Rennes,seloger,2025-07-31T14:07:32.498517,Quartier_17,2025-11-30T14:07:32.498517
Villa lumineux à Lambézellec,194638,86,29200,Brest,json_import,2025-06-14T14:07:32.498517,Quartier_18,2025-11-30T14:07:32.498517
T3 moderne à Cleunay,162964,52,35000,Rennes,json_import,2025-06-16T14:07:32.498517,Quartier_19,2025-11-30T14:07:32.498517
Studio lumineux à Endoume,75034,30,13001,Marseille,insee,2025-06-08T14:07:32.498517,Quartier_20,2025-11-30T14:07:32.498517
T3 calme à Bouffay,171001,46,44000,Nantes,csv_import,2025-11-03T14:07:32.498517,Quartier_21,2025-11-30T14:07:32.498517
Duplex lumineux à Mistral,174759,57,38000,Grenoble,json_import,2025-10-14T14:07:32.498517,Quartier_22,2025-11-30T14:07:32.498517
T2 calme à Vieux-Lille,103535,31,59000,Lille,csv_import,2025-06-11T14:07:32.498517,Quartier_23,2025-11-30T14:07:32.498517
T1 calme à Garrigues,77364,25,30000,Nîmes,leboncoin,2025-09-09T14:07:32.498517,Quartier_24,2025-11-30T14:07:32.498517
Studio rénové à Saint-Michel,172860,26,33000,Bordeaux,leboncoin,2025-08-20T14:07:32.498517,Quartier_25,2025-11-30T14:07:32.498517
Duplex bien situé à Centre,328291,100,72000,Le Mans,leboncoin,2025-08-26T14:07:32.498517,Quartier_26,2025-11-30T14:07:32.498517
T4 calme à Champratel,225534,84,63000,Clermont-Ferrand,seloger,2025-09-23T14:07:32.498517,Quartier_27,2025-11-30T14:07:32.498517
T4 calme à Montchapet,167950,84,21000,Dijon,json_import,2025-07-04T14:07:32.498517,Quartier_28,2025-11-30T14:07:32.498517
Maison bien situé à Cours Mirabeau,450509,98,13100,Aix-en-Provence,json_import,2025-06-07T14:07:32.498517,Quartier_29,2025-11-30T14:07:32.498517
Maison lumineux à Capitole,583169,108,31000,Toulouse,json_import,2025-11-02T14:07:32.498517,Quartier_30,2025-11-30T14:07:32.498517
Maison lumineux à Capitole,477114,90,31000,Toulouse,json_import,2025-07-03T14:07:32.498517,Quartier_31,2025-11-30T14:07:32.498517
T4 bien situé à Saint-Laurent,266351,90,38000,Grenoble,leboncoin,2025-06-05T14:07:32.498517,Quartier_32,2025-11-30T14:07:32.498517
Loft lumineux à Centre,420934,87,67000,Strasbourg,csv_import,2025-06-21T14:07:32.498517,Quartier_33,2025-11-30T14:07:32.498517
Studio moderne à Belle-Beille,73569,25,49000,Angers,csv_import,2025-09-16T14:07:32.498517,Quartier_34,2025-11-30T14:07:32.498517
Duplex lumineux à Écusson,312854,86,30000,Nîmes,csv_import,2025-07-23T14:07:32.498517,Quartier_35,2025-11-30T14:07:32.498517
T2 bien situé à Centre-ville,70963,33,30000,Nîmes,json_import,2025-06-09T14:07:32.498517,Quartier_36,2025-11-30T14:07:32.498517
T4 calme à Wazemmes,331028,78,59000,Lille,insee,2025-09-04T14:07:32.498517,Quartier_37,2025-11-30T14:07:32.498517
Villa calme à Presqu'île,506272,121,69001,Lyon,seloger,2025-09-05T14:07:32.498517,Quartier_38,2025-11-30T14:07:32.498517
Duplex bien situé à Centre-ville,189451,56,30000,Nîmes,csv_import,2025-06-13T14:07:32.498517,Quartier_39,2025-11-30T14:07:32.498517
T2 lumineux à Cours Mirabeau,223416,49,13100,Aix-en-Provence,leboncoin,2025-08-16T14:07:32.498517,Quartier_40,2025-11-30T14:07:32.498517
T2 bien situé à Centre-ville,78698,31,30000,Nîmes,seloger,2025-08-31T14:07:32.498517,Quartier_41,2025-11-30T14:07:32.498517
T2 moderne à Champratel,86239,43,63000,Clermont-Ferrand,json_import,2025-11-20T14:07:32.498517,Quartier_42,2025-11-30T14:07:32.498517
T1 calme à Bastille,89046,22,38000,Grenoble,seloger,2025-09-22T14:07:32.498517,Quartier_43,2025-11-30T14:07:32.498517
T4 lumineux à Jardin Lecoq,123097,68,63000,Clermont-Ferrand,csv_import,2025-06-03T14:07:32.498517,Quartier_44,2025-11-30T14:07:32.498517
Maison lumineux à Bouffay,681409,173,44000,Nantes,insee,2025-07-28T14:07:32.498517,Quartier_45,2025-11-30T14:07:32.498517
T5+ rénové à Presqu'île,566023,97,69001,Lyon,csv_import,2025-06-30T14:07:32.498517,Quartier_46,2025-11-30T14:07:32.498517
Appartement bien situé à Bouffay,320348,94,44000,Nantes,insee,2025-09-16T14:07:32.498517,Quartier_47,2025-11-30T14:07:32.498517
Villa rénové à Lac de Maine,387100,136,49000,Angers,seloger,2025-11-06T14:07:32.498517,Quartier_48,2025-11-30T14:07:32.498517
Maison rénové à Pointe-Rouge,459754,120,13001,Marseille,csv_import,2025-07-14T14:07:32.498517,Quartier_49,2025-11-30T14:07:32.498517
T3 lumineux à Centre,183139,67,63000,Clermont-Ferrand,leboncoin,2025-10-29T14:07:32.498517,Quartier_0,2025-11-30T14:07:32.498517
Duplex calme à Celleneuve,182525,43,34000,Montpellier,seloger,2025-11-26T14:07:32.498517,Quartier_1,2025-11-30T14:07:32.498517
Studio calme à Centre,124809,25,38000,Grenoble,seloger,2025-11-08T14:07:32.498517,Quartier_2,2025-11-30T14:07:32.498517
Maison bien situé à Champratel,235237,140,63000,Clermont-Ferrand,leboncoin,2025-07-28T14:07:32.498517,Quartier_3,2025-11-30T14:07:32.498517
Maison rénové à Le Corbusier,246337,119,42000,Saint-Étienne,seloger,2025-10-26T14:07:32.498517,Quartier_4,2025-11-30T14:07:32.498517
T5+ lumineux à Louvre,1632686,139,75001,Paris,json_import,2025-08-28T14:07:32.498517,Quartier_5,2025-11-30T14:07:32.498517
T3 bien situé à Madeleine,306484,58,44000,Nantes,seloger,2025-10-05T14:07:32.498517,Quartier_6,2025-11-30T14:07:32.498517
Studio moderne à Centre,78882,28,72000,Le Mans,seloger,2025-09-25T14:07:32.498517,Quartier_7,2025-11-30T14:07:32.498517
Villa bien situé à Centre-ville,322073,88,33000,Bordeaux,seloger,2025-08-31T14:07:32.498517,Quartier_8,2025-11-30T14:07:32.498517
Maison lumineux à Faubourg North,477734,137,21000,Dijon,seloger,2025-08-09T14:07:32.498517,Quartier_9,2025-11-30T14:07:32.498517
T3 bien situé à Libération,249428,49,06000,Nice,seloger,2025-06-09T14:07:32.498517,Quartier_10,2025-11-30T14:07:32.498517
T5+ lumineux à Centre,330296,115,63000,Clermont-Ferrand,insee,2025-11-03T14:07:32.498517,Quartier_11,2025-11-30T14:07:32.498517
Maison moderne à Puyricard,401038,98,13100,Aix-en-Provence,leboncoin,2025-09-09T14:07:32.498517,Quartier_12,2025-11-30T14:07:32.498517
Studio rénové à Centre-ville,104233,21,13100,Aix-en-Provence,insee,2025-07-28T14:07:32.498517,Quartier_13,2025-11-30T14:07:32.498517
Appartement moderne à Antigone,85724,34,34000,Montpellier,csv_import,2025-09-04T14:07:32.498517,Quartier_14,2025-11-30T14:07:32.498517
Studio lumineux à Graslin,150512,33,44000,Nantes,csv_import,2025-08-11T14:07:32.498517,Quartier_15,2025-11-30T14:07:32.498517
T5+ bien situé à Centre,600792,139,35000,Rennes,json_import,2025-06-30T14:07:32.498517,Quartier_16,2025-11-30T14:07:32.498517
Loft moderne à Centre-ville,183297,33,13100,Aix-en-Provence,insee,2025-07-29T14:07:32.498517,Quartier_17,2025-11-30T14:07:32.498517
T5+ bien situé à Le Corbusier,349794,173,42000,Saint-Étienne,json_import,2025-10-25T14:07:32.498517,Quartier_18,2025-11-30T14:07:32.498517
T3 lumineux à Neustadt,213280,51,67000,Strasbourg,seloger,2025-09-04T14:07:32.498517,Quartier_19,2025-11-30T14:07:32.498517
T5+ moderne à Roseraie,462481,154,49000,Angers,seloger,2025-11-05T14:07:32.498517,Quartier_20,2025-11-30T14:07:32.498517
Loft lumineux à Centre,159126,66,63000,Clermont-Ferrand,json_import,2025-10-06T14:07:32.498517,Quartier_21,2025-11-30T14:07:32.498517
Appartement moderne à Champratel,46707,22,63000,Clermont-Ferrand,insee,2025-07-08T14:07:32.498517,Quartier_22,2025-11-30T14:07:32.498517
T2 calme à Lac de Maine,85842,38,49000,Angers,json_import,2025-10-16T14:07:32.498517,Quartier_23,2025-11-30T14:07:32.498517
T1 calme à Wazemmes,124983,35,59000,Lille,csv_import,2025-08-22T14:07:32.498517,Quartier_24,2025-11-30T14:07:32.498517
T1 moderne à Celleneuve,81574,25,34000,Montpellier,json_import,2025-09-07T14:07:32.498517,Quartier_25,2025-11-30T14:07:32.498517
Duplex moderne à Pointe-Rouge,352286,98,13001,Marseille,csv_import,2025-06-05T14:07:32.498517,Quartier_26,2025-11-30T14:07:32.498517
Duplex rénové à Bastille,207840,67,38000,Grenoble,csv_import,2025-11-17T14:07:32.498517,Quartier_27,2025-11-30T14:07:32.498517
Loft rénové à Presqu'île,552973,95,69001,Lyon,seloger,2025-06-21T14:07:32.498517,Quartier_28,2025-11-30T14:07:32.498517
Duplex rénové à Marsannay,281571,79,21000,Dijon,json_import,2025-06-07T14:07:32.498517,Quartier_29,2025-11-30T14:07:32.498517
Appartement rénové à Libération,369827,64,06000,Nice,csv_import,2025-06-09T14:07:32.498517,Quartier_30,2025-11-30T14:07:32.498517
Studio moderne à Krutenau,43156,15,67000,Strasbourg,insee,2025-06-24T14:07:32.498517,Quartier_31,2025-11-30T14:07:32.498517
Loft rénové à Dervallières,177374,36,44000,Nantes,leboncoin,2025-09-18T14:07:32.498517,Quartier_32,2025-11-30T14:07:32.498517
T2 rénové à Saint-Laurent,125998,31,38000,Grenoble,leboncoin,2025-08-04T14:07:32.498517,Quartier_33,2025-11-30T14:07:32.498517
Maison rénové à Centre-ville,505004,143,13100,Aix-en-Provence,insee,2025-06-09T14:07:32.498517,Quartier_34,2025-11-30T14:07:32.498517
T1 lumineux à Le Corbusier,36513,24,42000,Saint-Étienne,csv_import,2025-08-26T14:07:32.498517,Quartier_35,2025-11-30T14:07:32.498517
Villa rénové à Saint-Germain,1097961,84,75001,Paris,leboncoin,2025-06-07T14:07:32.498517,Quartier_36,2025-11-30T14:07:32.498517
T1 calme à Endoume,51318,16,13001,Marseille,json_import,2025-06-29T14:07:32.498517,Quartier_37,2025-11-30T14:07:32.498517
Appartement moderne à Riquier,304791,63,06000,Nice,json_import,2025-08-13T14:07:32.498517,Quartier_38,2025-11-30T14:07:32.498517
Maison moderne à Villeboeuf,269103,142,42000,Saint-Étienne,json_import,2025-07-18T14:07:32.498517,Quartier_39,2025-11-30T14:07:32.498517
T5+ bien situé à Pointe-Rouge,731365,161,13001,Marseille,insee,2025-08-30T14:07:32.498517,Quartier_40,2025-11-30T14:07:32.498517
Appartement bien situé à Jacobins,79213,36,72000,Le Mans,leboncoin,2025-11-13T14:07:32.498517,Quartier_41,2025-11-30T14:07:32.498517
Studio calme à Centre-ville,58767,31,30000,Nîmes,csv_import,2025-10-26T14:07:32.498517,Quartier_42,2025-11-30T14:07:32.498517
Duplex moderne à Saint-Germain,1820442,99,75001,Paris,json_import,2025-07-12T14:07:32.498517,Quartier_43,2025-11-30T14:07:32.498517
T5+ calme à Puyricard,417146,91,13100,Aix-en-Provence,seloger,2025-09-19T14:07:32.498517,Quartier_44,2025-11-30T14:07:32.498517
Studio moderne à Vieux-Port,145152,25,13001,Marseille,json_import,2025-09-24T14:07:32.498517,Quartier_45,2025-11-30T14:07:32.498517
Duplex moderne à Pointe-Rouge,307388,61,13001,Marseille,json_import,2025-08-14T14:07:32.498517,Quartier_46,2025-11-30T14:07:32.498517
T1 calme à Vieux-Port,140005,28,13001,Marseille,csv_import,2025-11-17T14:07:32.498517,Quartier_47,2025-11-30T14:07:32.498517
T4 calme à Croix-Rousse,452583,84,69001,Lyon,insee,2025-11-15T14:07:32.498517,Quartier_48,2025-11-30T14:07:32.498517
Maison rénové à Villejean,430869,165,35000,Rennes,insee,2025-06-21T14:07:32.498517,Quartier_49,2025-11-30T14:07:32.498517
T3 moderne à Kerichen,108227,49,29200,Brest,seloger,2025-10-16T14:07:32.498517,Quartier_0,2025-11-30T14:07:32.498517
T2 bien situé à Marais,553628,48,75001,Paris,insee,2025-08-31T14:07:32.498517,Quartier_1,2025-11-30T14:07:32.498517
T5+ calme à Minimes,519133,123,31000,Toulouse,json_import,2025-10-05T14:07:32.498517,Quartier_2,2025-11-30T14:07:32.498517
Maison rénové à Trefilerie,311996,153,42000,Saint-Étienne,seloger,2025-09-26T14:07:32.498517,Quartier_3,2025-11-30T14:07:32.498517
Appartement lumineux à Vieux-Nice,343890,58,06000,Nice,leboncoin,2025-09-24T14:07:32.498517,Quartier_4,2025-11-30T14:07:32.498517
T1 moderne à Roseraie,85723,31,49000,Angers,seloger,2025-07-01T14:07:32.498517,Quartier_5,2025-11-30T14:07:32.498517
T5+ rénové à Centre-ville,493076,128,29200,Brest,leboncoin,2025-11-27T14:07:32.498517,Quartier_6,2025-11-30T14:07:32.498517
Villa moderne à Garrigues,468794,192,30000,Nîmes,leboncoin,2025-06-09T14:07:32.498517,Quartier_7,2025-11-30T14:07:32.498517
Studio bien situé à Minimes,93078,28,31000,Toulouse,leboncoin,2025-06-21T14:07:32.498517,Quartier_8,2025-11-30T14:07:32.498517
Loft lumineux à Riquier,323000,85,06000,Nice,leboncoin,2025-08-25T14:07:32.498517,Quartier_9,2025-11-30T14:07:32.498517
T2 bien situé à Grie,117385,46,72000,Le Mans,seloger,2025-06-15T14:07:32.498517,Quartier_10,2025-11-30T14:07:32.498517
Studio calme à Orangerie,69318,19,67000,Strasbourg,leboncoin,2025-08-09T14:07:32.498517,Quartier_11,2025-11-30T14:07:32.498517
Loft bien situé à Saint-Cyprien,75232,20,31000,Toulouse,csv_import,2025-11-14T14:07:32.498517,Quartier_12,2025-11-30T14:07:32.498517
T4 calme à Centre,263715,80,72000,Le Mans,seloger,2025-06-13T14:07:32.498517,Quartier_13,2025-11-30T14:07:32.498517
T4 calme à Le Corbusier,153665,66,42000,Saint-Étienne,seloger,2025-09-25T14:07:32.498517,Quartier_14,2025-11-30T14:07:32.498517
T3 lumineux à Graslin,223072,45,44000,Nantes,leboncoin,2025-09-17T14:07:32.498517,Quartier_15,2025-11-30T14:07:32.498517
Duplex moderne à Roseraie,120521,64,49000,Angers,insee,2025-10-20T14:07:32.498517,Quartier_16,2025-11-30T14:07:32.498517
Villa bien situé à Ecusson,853074,183,34000,Montpellier,insee,2025-09-07T14:07:32.498517,Quartier_17,2025-11-30T14:07:32.498517
T4 moderne à Celleneuve,351198,87,34000,Montpellier,csv_import,2025-11-29T14:07:32.498517,Quartier_18,2025-11-30T14:07:32.498517
Loft rénové à Bastille,220259,82,38000,Grenoble,leboncoin,2025-09-18T14:07:32.498517,Quartier_19,2025-11-30T14:07:32.498517
T4 rénové à Saint-Cyprien,244901,84,31000,Toulouse,csv_import,2025-06-30T14:07:32.498517,Quartier_20,2025-11-30T14:07:32.498517
T3 bien situé à Centre-ville,104386,51,30000,Nîmes,seloger,2025-06-17T14:07:32.498517,Quartier_21,2025-11-30T14:07:32.498517
T4 bien situé à Bastide,419133,76,33000,Bordeaux,leboncoin,2025-06-28T14:07:32.498517,Quartier_22,2025-11-30T14:07:32.498517
T4 moderne à Graslin,321881,60,44000,Nantes,seloger,2025-09-04T14:07:32.498517,Quartier_23,2025-11-30T14:07:32.498517
Studio calme à Bouffay,54292,15,44000,Nantes,leboncoin,2025-11-26T14:07:32.498517,Quartier_24,2025-11-30T14:07:32.498517
T4 lumineux à Bastide,525433,90,33000,Bordeaux,insee,2025-09-17T14:07:32.498517,Quartier_25,2025-11-30T14:07:32.498517
T1 rénové à Libération,110063,30,06000,Nice,json_import,2025-07-17T14:07:32.498517,Quartier_26,2025-11-30T14:07:32.498517
T2 lumineux à Saint-Michel,264911,43,33000,Bordeaux,insee,2025-11-04T14:07:32.498517,Quartier_27,2025-11-30T14:07:32.498517
Loft moderne à Marais,295177,28,75001,Paris,json_import,2025-09-13T14:07:32.498517,Quartier_28,2025-11-30T14:07:32.498517
Maison bien situé à Bastille,645370,165,38000,Grenoble,insee,2025-11-14T14:07:32.498517,Quartier_29,2025-11-30T14:07:32.498517
Studio rénové à Fourvière,127357,26,69001,Lyon,leboncoin,2025-08-28T14:07:32.498517,Quartier_30,2025-11-30T14:07:32.498517
T1 rénové à Faubourg North,63572,18,21000,Dijon,seloger,2025-08-27T14:07:32.498517,Quartier_31,2025-11-30T14:07:32.498517
T1 bien situé à Neustadt,88794,26,67000,Strasbourg,insee,2025-08-17T14:07:32.498517,Quartier_32,2025-11-30T14:07:32.498517
T1 lumineux à Madeleine,114653,27,44000,Nantes,seloger,2025-11-04T14:07:32.498517,Quartier_33,2025-11-30T14:07:32.498517
Loft lumineux à Endoume,260973,98,13001,Marseille,json_import,2025-08-12T14:07:32.498517,Quartier_34,2025-11-30T14:07:32.498517
Studio moderne à Écusson,109479,33,30000,Nîmes,leboncoin,2025-10-07T14:07:32.498517,Quartier_35,2025-11-30T14:07:32.498517
T1 calme à Bastille,95696,31,38000,Grenoble,seloger,2025-07-18T14:07:32.498517,Quartier_36,2025-11-30T14:07:32.498517
Studio bien situé à Cleunay,61219,15,35000,Rennes,leboncoin,2025-06-12T14:07:32.498517,Quartier_37,2025-11-30T14:07:32.498517
T3 rénové à Villejean,215064,61,35000,Rennes,leboncoin,2025-09-29T14:07:32.498517,Quartier_38,2025-11-30T14:07:32.498517
T2 bien situé à Saint-Cyprien,132892,31,31000,Toulouse,csv_import,2025-11-14T14:07:32.498517,Quartier_39,2025-11-30T14:07:32.498517
Loft lumineux à Vieux-Nice,354422,60,06000,Nice,insee,2025-09-29T14:07:32.498517,Quartier_40,2025-11-30T14:07:32.498517
T5+ lumineux à Marsannay,349013,104,21000,Dijon,csv_import,2025-11-25T14:07:32.498517,Quartier_41,2025-11-30T14:07:32.498517
Villa lumineux à Capitole,745984,190,31000,Toulouse,seloger,2025-10-15T14:07:32.498517,Quartier_42,2025-11-30T14:07:32.498517
Maison moderne à Celleneuve,674813,158,34000,Montpellier,seloger,2025-11-22T14:07:32.498517,Quartier_43,2025-11-30T14:07:32.498517
Duplex bien situé à Le Corbusier,148494,67,42000,Saint-Étienne,csv_import,2025-11-18T14:07:32.498517,Quartier_44,2025-11-30T14:07:32.498517
Loft moderne à Écusson,71777,34,30000,Nîmes,json_import,2025-09-14T14:07:32.498517,Quartier_45,2025-11-30T14:07:32.498517
Loft bien situé à Ecusson,312273,95,34000,Montpellier,json_import,2025-08-03T14:07:32.498517,Quartier_46,2025-11-30T14:07:32.498517
T4 calme à Wazemmes,284436,88,59000,Lille,seloger,2025-07-22T14:07:32.498517,Quartier_47,2025-11-30T14:07:32.498517
Studio rénové à Lambézellec,92501,28,29200,Brest,seloger,2025-06-27T14:07:32.498517,Quartier_48,2025-11-30T14:07:32.498517
T1 bien situé à Louvre,403605,27,75001,Paris,json_import,2025-09-29T14:07:32.498517,Quartier_49,2025-11-30T14:07:32.498517
T4 bien situé à Saint-Cyprien,282489,84,31000,Toulouse,insee,2025-10-10T14:07:32.498517,Quartier_0,2025-11-30T14:07:32.498517
T5+ rénové à Neustadt,391258,140,67000,Strasbourg,csv_import,2025-06-30T14:07:32.498517,Quartier_1,2025-11-30T14:07:32.498517
Studio calme à Centre,115637,26,38000,Grenoble,json_import,2025-11-09T14:07:32.498517,Quartier_2,2025-11-30T14:07:32.498517
Loft bien situé à Yzeure,61668,25,72000,Le Mans,seloger,2025-10-29T14:07:32.498517,Quartier_3,2025-11-30T14:07:32.498517
Maison lumineux à Centre-ville,528554,112,13100,Aix-en-Provence,json_import,2025-11-12T14:07:32.498517,Quartier_4,2025-11-30T14:07:32.498517
T5+ moderne à Bouffay,766068,191,44000,Nantes,json_import,2025-10-29T14:07:32.498517,Quartier_5,2025-11-30T14:07:32.498517
Studio lumineux à Endoume,106113,28,13001,Marseille,seloger,2025-10-02T14:07:32.498517,Quartier_6,2025-11-30T14:07:32.498517
T5+ calme à Orangerie,379989,112,67000,Strasbourg,leboncoin,2025-06-05T14:07:32.498517,Quartier_7,2025-11-30T14:07:32.498517
T1 moderne à Fives,66558,25,59000,Lille,insee,2025-09-21T14:07:32.498517,Quartier_8,2025-11-30T14:07:32.498517
T2 lumineux à Yzeure,76499,35,72000,Le Mans,insee,2025-10-18T14:07:32.498517,Quartier_9,2025-11-30T14:07:32.498517
T1 bien situé à Centre,108235,33,49000,Angers,csv_import,2025-09-28T14:07:32.498517,Quartier_10,2025-11-30T14:07:32.498517
T5+ rénové à Part-Dieu,659019,156,69001,Lyon,leboncoin,2025-08-23T14:07:32.498517,Quartier_11,2025-11-30T14:07:32.498517
T2 calme à Trefilerie,57182,37,42000,Saint-Étienne,insee,2025-06-19T14:07:32.498517,Quartier_12,2025-11-30T14:07:32.498517
Maison bien situé à Montferrand,228894,93,63000,Clermont-Ferrand,seloger,2025-07-15T14:07:32.498517,Quartier_13,2025-11-30T14:07:32.498517
Appartement calme à Centre-ville,67517,27,30000,Nîmes,seloger,2025-06-19T14:07:32.498517,Quartier_14,2025-11-30T14:07:32.498517
T1 moderne à Bastide,115117,21,33000,Bordeaux,leboncoin,2025-09-07T14:07:32.498517,Quartier_15,2025-11-30T14:07:32.498517
Loft moderne à Part-Dieu,243048,35,69001,Lyon,leboncoin,2025-09-12T14:07:32.498517,Quartier_16,2025-11-30T14:07:32.498517
Duplex lumineux à Minimes,204968,57,31000,Toulouse,insee,2025-09-21T14:07:32.498517,Quartier_17,2025-11-30T14:07:32.498517
Duplex rénové à Vieux-Nice,170174,49,06000,Nice,csv_import,2025-10-06T14:07:32.498517,Quartier_18,2025-11-30T14:07:32.498517
Studio bien situé à Jacobins,41481,23,72000,Le Mans,insee,2025-08-18T14:07:32.498517,Quartier_19,2025-11-30T14:07:32.498517
Loft moderne à Lambézellec,85375,27,29200,Brest,seloger,2025-11-03T14:07:32.498517,Quartier_20,2025-11-30T14:07:32.498517
T1 bien situé à Bastille,67616,24,38000,Grenoble,leboncoin,2025-08-25T14:07:32.498517,Quartier_21,2025-11-30T14:07:32.498517
T4 rénové à Centre,230776,74,49000,Angers,json_import,2025-11-03T14:07:32.498517,Quartier_22,2025-11-30T14:07:32.498517
Appartement moderne à Fourvière,343403,61,69001,Lyon,seloger,2025-08-12T14:07:32.498517,Quartier_23,2025-11-30T14:07:32.498517
Studio rénové à Lambézellec,88689,25,29200,Brest,json_import,2025-11-11T14:07:32.498517,Quartier_24,2025-11-30T14:07:32.498517
Appartement moderne à Centre-ville,543326,100,13100,Aix-en-Provence,leboncoin,2025-09-04T14:07:32.498517,Quartier_25,2025-11-30T14:07:32.498517
Maison rénové à Valdegour,201208,92,30000,Nîmes,csv_import,2025-11-02T14:07:32.498517,Quartier_26,2025-11-30T14:07:32.498517
T3 calme à Celleneuve,208651,59,34000,Montpellier,csv_import,2025-08-14T14:07:32.498517,Quartier_27,2025-11-30T14:07:32.498517
Appartement moderne à Jacobins,154056,69,72000,Le Mans,json_import,2025-10-12T14:07:32.498517,Quartier_28,2025-11-30T14:07:32.498517
T2 calme à Fives,130207,43,59000,Lille,json_import,2025-09-30T14:07:32.498517,Quartier_29,2025-11-30T14:07:32.498517
Loft lumineux à Croix-Rousse,405464,64,69001,Lyon,csv_import,2025-11-15T14:07:32.498517,Quartier_30,2025-11-30T14:07:32.498517
Loft bien situé à Champratel,40160,20,63000,Clermont-Ferrand,seloger,2025-08-22T14:07:32.498517,Quartier_31,2025-11-30T14:07:32.498517
T3 bien situé à Jas de Bouffan,165889,50,13100,Aix-en-Provence,leboncoin,2025-11-14T14:07:32.498517,Quartier_32,2025-11-30T14:07:32.498517
Appartement lumineux à Saint-Germain,848706,78,75001,Paris,csv_import,2025-06-07T14:07:32.498517,Quartier_33,2025-11-30T14:07:32.498517
T1 lumineux à Fourvière,187239,31,69001,Lyon,csv_import,2025-10-29T14:07:32.498517,Quartier_34,2025-11-30T14:07:32.498517
Appartement moderne à Paillon,129822,35,06000,Nice,csv_import,2025-10-26T14:07:32.498517,Quartier_35,2025-11-30T14:07:32.498517
Maison moderne à Jardin Lecoq,264642,156,63000,Clermont-Ferrand,json_import,2025-06-15T14:07:32.498517,Quartier_36,2025-11-30T14:07:32.498517
T4 bien situé à Carmes,256187,83,31000,Toulouse,insee,2025-06-08T14:07:32.498517,Quartier_37,2025-11-30T14:07:32.498517
T3 lumineux à Kerichen,166747,68,29200,Brest,seloger,2025-08-03T14:07:32.498517,Quartier_38,2025-11-30T14:07:32.498517
T4 moderne à Graslin,424949,89,44000,Nantes,csv_import,2025-08-24T14:07:32.498517,Quartier_39,2025-11-30T14:07:32.498517
Duplex moderne à Port Marianne,112562,26,34000,Montpellier,insee,2025-09-05T14:07:32.498517,Quartier_40,2025-11-30T14:07:32.498517
Villa bien situé à Montferrand,431589,191,63000,Clermont-Ferrand,leboncoin,2025-07-08T14:07:32.498517,Quartier_41,2025-11-30T14:07:32.498517
T4 bien situé à Dervallières,227127,65,44000,Nantes,seloger,2025-08-12T14:07:32.498517,Quartier_42,2025-11-30T14:07:32.498517
Maison calme à Lambézellec,535562,178,29200,Brest,csv_import,2025-06-25T14:07:32.498517,Quartier_43,2025-11-30T14:07:32.498517
T3 bien situé à Brazais,199862,69,35000,Rennes,seloger,2025-10-09T14:07:32.498517,Quartier_44,2025-11-30T14:07:32.498517
T3 rénové à Centre-ville,128852,62,29200,Brest,insee,2025-10-30T14:07:32.498517,Quartier_45,2025-11-30T14:07:32.498517
T1 bien situé à Orangerie,83025,26,67000,Strasbourg,csv_import,2025-07-17T14:07:32.498517,Quartier_46,2025-11-30T14:07:32.498517
Villa rénové à Croix-Rousse,979150,161,69001,Lyon,leboncoin,2025-10-15T14:07:32.498517,Quartier_47,2025-11-30T14:07:32.498517
T2 calme à Neustadt,135291,40,67000,Strasbourg,csv_import,2025-11-06T14:07:32.498517,Quartier_48,2025-11-30T14:07:32.498517
T5+ rénové à Vieux-Port,362323,88,13001,Marseille,json_import,2025-06-23T14:07:32.498517,Quartier_49,2025-11-30T14:07:32.498517
T5+ lumineux à Jacobins,310771,110,72000,Le Mans,json_import,2025-11-02T14:07:32.498517,Quartier_0,2025-11-30T14:07:32.498517
Duplex lumineux à Centre,86509,23,49000,Angers,csv_import,2025-11-09T14:07:32.498517,Quartier_1,2025-11-30T14:07:32.498517
Duplex lumineux à Le Corbusier,153489,74,42000,Saint-Étienne,insee,2025-07-14T14:07:32.498517,Quartier_2,2025-11-30T14:07:32.498517
T2 bien situé à Ecusson,186317,43,34000,Montpellier,insee,2025-06-10T14:07:32.498517,Quartier_3,2025-11-30T14:07:32.498517
T1 bien situé à Carmes,70920,16,31000,Toulouse,json_import,2025-11-29T14:07:32.498517,Quartier_4,2025-11-30T14:07:32.498517
Studio lumineux à Mistral,67830,26,38000,Grenoble,insee,2025-11-03T14:07:32.498517,Quartier_5,2025-11-30T14:07:32.498517
T3 rénové à Carmes,186082,53,31000,Toulouse,json_import,2025-09-03T14:07:32.498517,Quartier_6,2025-11-30T14:07:32.498517
T5+ lumineux à Saint-Cyprien,535970,163,31000,Toulouse,leboncoin,2025-10-07T14:07:32.498517,Quartier_7,2025-11-30T14:07:32.498517
Appartement lumineux à Grie,132470,64,72000,Le Mans,json_import,2025-10-01T14:07:32.498517,Quartier_8,2025-11-30T14:07:32.498517
T4 calme à Saint-Michel,328590,83,33000,Bordeaux,seloger,2025-08-21T14:07:32.498517,Quartier_9,2025-11-30T14:07:32.498517
Appartement lumineux à Belle-Beille,76048,45,49000,Angers,insee,2025-06-07T14:07:32.498517,Quartier_10,2025-11-30T14:07:32.498517
T2 lumineux à Garrigues,89025,43,30000,Nîmes,insee,2025-09-24T14:07:32.498517,Quartier_11,2025-11-30T14:07:32.498517
T2 rénové à Centre-ville,155097,33,13100,Aix-en-Provence,json_import,2025-07-31T14:07:32.498517,Quartier_12,2025-11-30T14:07:32.498517
Maison lumineux à Centre-ville,662413,143,33000,Bordeaux,csv_import,2025-08-25T14:07:32.498517,Quartier_13,2025-11-30T14:07:32.498517
Loft rénové à Bastide,523893,98,33000,Bordeaux,insee,2025-11-11T14:07:32.498517,Quartier_14,2025-11-30T14:07:32.498517
Appartement lumineux à Centre,116667,36,72000,Le Mans,leboncoin,2025-10-20T14:07:32.498517,Quartier_15,2025-11-30T14:07:32.498517
Loft moderne à Saint-Marc,105101,43,29200,Brest,seloger,2025-09-19T14:07:32.498517,Quartier_16,2025-11-30T14:07:32.498517
T5+ lumineux à Saint-Laurent,349062,113,38000,Grenoble,seloger,2025-07-07T14:07:32.498517,Quartier_17,2025-11-30T14:07:32.498517
T2 moderne à Cours Mirabeau,243035,44,13100,Aix-en-Provence,seloger,2025-06-23T14:07:32.498517,Quartier_18,2025-11-30T14:07:32.498517
Studio moderne à Louvre,199963,22,75001,Paris,seloger,2025-09-12T14:07:32.498517,Quartier_19,2025-11-30T14:07:32.498517
Duplex calme à Écusson,139807,55,30000,Nîmes,insee,2025-10-07T14:07:32.498517,Quartier_20,2025-11-30T14:07:32.498517
Appartement lumineux à Jas de Bouffan,146482,30,13100,Aix-en-Provence,json_import,2025-09-15T14:07:32.498517,Quartier_21,2025-11-30T14:07:32.498517
T1 rénové à Neustadt,47639,17,67000,Strasbourg,insee,2025-07-08T14:07:32.498517,Quartier_22,2025-11-30T14:07:32.498517
Loft bien situé à Vieux-Nice,193027,45,06000,Nice,leboncoin,2025-06-03T14:07:32.498517,Quartier_23,2025-11-30T14:07:32.498517
T1 moderne à Valdegour,68038,32,30000,Nîmes,insee,2025-07-14T14:07:32.504544,Quartier_24,2025-11-30T14:07:32.504544
Studio rénové à Garrigues,37267,16,30000,Nîmes,json_import,2025-07-18T14:07:32.504544,Quartier_25,2025-11-30T14:07:32.504544
Villa rénové à Vieux-Lille,295755,85,59000,Lille,seloger,2025-07-04T14:07:32.504544,Quartier_26,2025-11-30T14:07:32.504544
Maison calme à Grie,196040,92,72000,Le Mans,seloger,2025-07-22T14:07:32.504544,Quartier_27,2025-11-30T14:07:32.504544
T1 lumineux à Panier,76418,24,13001,Marseille,csv_import,2025-07-04T14:07:32.504544,Quartier_28,2025-11-30T14:07:32.504544
T5+ rénové à Esquermes,416535,117,59000,Lille,csv_import,2025-11-22T14:07:32.504544,Quartier_29,2025-11-30T14:07:32.504544
Villa lumineux à Capitole,826387,147,31000,Toulouse,insee,2025-08-27T14:07:32.504544,Quartier_30,2025-11-30T14:07:32.504544
T3 rénové à Jardin Lecoq,163725,67,63000,Clermont-Ferrand,csv_import,2025-10-05T14:07:32.504544,Quartier_31,2025-11-30T14:07:32.504544
Appartement lumineux à Centre,377610,79,67000,Strasbourg,leboncoin,2025-11-15T14:07:32.504544,Quartier_32,2025-11-30T14:07:32.504544
Loft calme à Lac de Maine,99309,47,49000,Angers,csv_import,2025-09-19T14:07:32.504544,Quartier_33,2025-11-30T14:07:32.504544
Loft bien situé à Faubourg North,64598,22,21000,Dijon,leboncoin,2025-07-03T14:07:32.504544,Quartier_34,2025-11-30T14:07:32.504544
T4 moderne à Minimes,440099,89,31000,Toulouse,insee,2025-08-09T14:07:32.504544,Quartier_35,2025-11-30T14:07:32.504544
Loft lumineux à Minimes,255026,97,31000,Toulouse,json_import,2025-07-09T14:07:32.504544,Quartier_36,2025-11-30T14:07:32.504544
Studio rénové à Saint-Marc,113088,35,29200,Brest,insee,2025-10-31T14:07:32.504544,Quartier_37,2025-11-30T14:07:32.504544
Villa rénové à Antigone,385832,92,34000,Montpellier,seloger,2025-08-09T14:07:32.504544,Quartier_38,2025-11-30T14:07:32.504544
T4 moderne à Centre,218891,75,72000,Le Mans,leboncoin,2025-09-11T14:07:32.504544,Quartier_39,2025-11-30T14:07:32.504544
Loft rénové à Vieux-Port,448433,64,13001,Marseille,seloger,2025-09-08T14:07:32.504544,Quartier_40,2025-11-30T14:07:32.504544
Duplex calme à Bouffay,260140,62,44000,Nantes,csv_import,2025-11-28T14:07:32.504544,Quartier_41,2025-11-30T14:07:32.504544
T1 moderne à Centre,154067,34,35000,Rennes,leboncoin,2025-11-27T14:07:32.504544,Quartier_42,2025-11-30T14:07:32.504544
Studio bien situé à Celleneuve,130345,35,34000,Montpellier,insee,2025-08-03T14:07:32.504544,Quartier_43,2025-11-30T14:07:32.504544
Appartement bien situé à Centre,315302,91,42000,Saint-Étienne,seloger,2025-09-21T14:07:32.504544,Quartier_44,2025-11-30T14:07:32.504544
Villa rénové à Trefilerie,260452,147,42000,Saint-Étienne,seloger,2025-10-29T14:07:32.504544,Quartier_45,2025-11-30T14:07:32.504544
T3 calme à Port Marianne,235655,58,34000,Montpellier,csv_import,2025-06-16T14:07:32.504544,Quartier_46,2025-11-30T14:07:32.504544
Maison bien situé à Croix-Rousse,813947,131,69001,Lyon,json_import,2025-07-26T14:07:32.504544,Quartier_47,2025-11-30T14:07:32.504544
Appartement moderne à Roseraie,220831,95,49000,Angers,csv_import,2025-08-08T14:07:32.504544,Quartier_48,2025-11-30T14:07:32.504544
T3 bien situé à Yzeure,171384,62,72000,Le Mans,insee,2025-09-08T14:07:32.504544,Quartier_49,2025-11-30T14:07:32.504544
T4 moderne à Vieux-Port,607879,89,13001,Marseille,seloger,2025-11-04T14:07:32.504544,Quartier_0,2025-11-30T14:07:32.504544
T1 rénové à Fives,112403,29,59000,Lille,leboncoin,2025-09-16T14:07:32.504544,Quartier_1,2025-11-30T14:07:32.504544
T3 rénové à Marais,540252,57,75001,Paris,insee,2025-11-29T14:07:32.504544,Quartier_2,2025-11-30T14:07:32.504544
T5+ moderne à Port Marianne,315542,94,34000,Montpellier,json_import,2025-09-27T14:07:32.504544,Quartier_3,2025-11-30T14:07:32.504544
Villa bien situé à Centre,589355,166,35000,Rennes,csv_import,2025-10-03T14:07:32.504544,Quartier_4,2025-11-30T14:07:32.504544
Maison lumineux à Centre,284285,89,42000,Saint-Étienne,seloger,2025-07-18T14:07:32.504544,Quartier_5,2025-11-30T14:07:32.504544
T2 moderne à Louvre,404981,32,75001,Paris,leboncoin,2025-08-05T14:07:32.504544,Quartier_6,2025-11-30T14:07:32.504544
T5+ calme à Fourvière,950988,157,69001,Lyon,csv_import,2025-09-21T14:07:32.504544,Quartier_7,2025-11-30T14:07:32.504544
Loft moderne à Antigone,69718,23,34000,Montpellier,json_import,2025-08-26T14:07:32.504544,Quartier_8,2025-11-30T14:07:32.504544
T5+ calme à Croix-Rousse,401010,95,69001,Lyon,insee,2025-10-24T14:07:32.504544,Quartier_9,2025-11-30T14:07:32.504544
Duplex moderne à Pointe-Rouge,157929,44,13001,Marseille,seloger,2025-09-26T14:07:32.504544,Quartier_10,2025-11-30T14:07:32.504544
T3 calme à Orangerie,239673,50,67000,Strasbourg,leboncoin,2025-11-05T14:07:32.504544,Quartier_11,2025-11-30T14:07:32.504544
Studio rénové à Kerichen,35196,19,29200,Brest,json_import,2025-06-12T14:07:32.504544,Quartier_12,2025-11-30T14:07:32.504544
T1 rénové à Villeboeuf,58543,23,42000,Saint-Étienne,insee,2025-07-17T14:07:32.504544,Quartier_13,2025-11-30T14:07:32.504544
T5+ moderne à Centre,626706,177,35000,Rennes,json_import,2025-10-19T14:07:32.504544,Quartier_14,2025-11-30T14:07:32.504544
Villa calme à Chartrons,377290,98,33000,Bordeaux,json_import,2025-10-12T14:07:32.504544,Quartier_15,2025-11-30T14:07:32.504544
Duplex bien situé à Capitole,118825,31,31000,Toulouse,seloger,2025-08-16T14:07:32.504544,Quartier_16,2025-11-30T14:07:32.504544
Studio lumineux à Fives,123764,31,59000,Lille,json_import,2025-08-16T14:07:32.504544,Quartier_17,2025-11-30T14:07:32.504544
T1 rénové à Madeleine,85925,23,44000,Nantes,insee,2025-11-21T14:07:32.504544,Quartier_18,2025-11-30T14:07:32.504544
T4 bien situé à Dervallières,346013,81,44000,Nantes,insee,2025-10-15T14:07:32.504544,Quartier_19,2025-11-30T14:07:32.504544
T3 rénové à Centre-ville,151729,57,30000,Nîmes,leboncoin,2025-07-10T14:07:32.504544,Quartier_20,2025-11-30T14:07:32.504544
Studio lumineux à Mistral,101017,33,38000,Grenoble,insee,2025-07-20T14:07:32.504544,Quartier_21,2025-11-30T14:07:32.504544
Duplex moderne à Port Marianne,173701,43,34000,Montpellier,leboncoin,2025-07-04T14:07:32.504544,Quartier_22,2025-11-30T14:07:32.504544
T2 bien situé à Minimes,134415,43,31000,Toulouse,insee,2025-08-30T14:07:32.504544,Quartier_23,2025-11-30T14:07:32.504544
T2 calme à Cours Mirabeau,136652,33,13100,Aix-en-Provence,seloger,2025-11-23T14:07:32.504544,Quartier_24,2025-11-30T14:07:32.504544
T4 lumineux à Saint-Cyprien,277094,70,31000,Toulouse,csv_import,2025-11-03T14:07:32.504544,Quartier_25,2025-11-30T14:07:32.504544
Loft rénové à Antigone,319971,60,34000,Montpellier,json_import,2025-08-23T14:07:32.504544,Quartier_26,2025-11-30T14:07:32.504544
Villa lumineux à Fives,547601,161,59000,Lille,insee,2025-06-23T14:07:32.504544,Quartier_27,2025-11-30T14:07:32.504544
T3 rénové à Riquier,169316,48,06000,Nice,json_import,2025-06-09T14:07:32.504544,Quartier_28,2025-11-30T14:07:32.504544
T3 rénové à Centre,228558,66,38000,Grenoble,seloger,2025-08-08T14:07:32.504544,Quartier_29,2025-11-30T14:07:32.504544
Villa bien situé à Port Marianne,325778,112,34000,Montpellier,leboncoin,2025-07-17T14:07:32.504544,Quartier_30,2025-11-30T14:07:32.504544
Villa lumineux à Jardin Lecoq,212417,86,63000,Clermont-Ferrand,csv_import,2025-07-25T14:07:32.504544,Quartier_31,2025-11-30T14:07:32.504544
T1 calme à Vieux-Lille,72905,25,59000,Lille,csv_import,2025-09-15T14:07:32.504544,Quartier_32,2025-11-30T14:07:32.504544
T4 lumineux à Centre,301301,80,67000,Strasbourg,insee,2025-08-15T14:07:32.504544,Quartier_33,2025-11-30T14:07:32.504544
Duplex rénové à Krutenau,239172,77,67000,Strasbourg,leboncoin,2025-07-13T14:07:32.504544,Quartier_34,2025-11-30T14:07:32.504544
T2 rénové à Esquermes,86580,38,59000,Lille,csv_import,2025-06-14T14:07:32.504544,Quartier_35,2025-11-30T14:07:32.504544
Maison rénové à Minimes,367405,130,31000,Toulouse,json_import,2025-08-29T14:07:32.504544,Quartier_36,2025-11-30T14:07:32.504544
Duplex calme à Port Marianne,259308,69,34000,Montpellier,insee,2025-10-24T14:07:32.504544,Quartier_37,2025-11-30T14:07:32.504544
Duplex rénové à Vieux-Lille,313407,80,59000,Lille,json_import,2025-11-20T14:07:32.504544,Quartier_38,2025-11-30T14:07:32.504544
T4 bien situé à Esquermes,216872,65,59000,Lille,leboncoin,2025-11-26T14:07:32.504544,Quartier_39,2025-11-30T14:07:32.504544
T1 rénové à Cleunay,45755,16,35000,Rennes,json_import,2025-06-23T14:07:32.504544,Quartier_40,2025-11-30T14:07:32.504544
T1 calme à Presqu'île,87714,23,69001,Lyon,seloger,2025-08-16T14:07:32.504544,Quartier_41,2025-11-30T14:07:32.504544
T5+ lumineux à Saint-Michel,818165,134,33000,Bordeaux,seloger,2025-10-24T14:07:32.504544,Quartier_42,2025-11-30T14:07:32.504544
T4 bien situé à Centre,221420,66,63000,Clermont-Ferrand,seloger,2025-09-20T14:07:32.504544,Quartier_43,2025-11-30T14:07:32.504544
T4 bien situé à Faubourg North,215508,72,21000,Dijon,csv_import,2025-07-27T14:07:32.504544,Quartier_44,2025-11-30T14:07:32.504544
Studio moderne à Centre,100163,28,49000,Angers,json_import,2025-10-13T14:07:32.504544,Quartier_45,2025-11-30T14:07:32.504544
T1 calme à Orangerie,110619,27,67000,Strasbourg,json_import,2025-09-16T14:07:32.504544,Quartier_46,2025-11-30T14:07:32.504544
Loft lumineux à Paillon,385619,71,06000,Nice,insee,2025-10-07T14:07:32.504544,Quartier_47,2025-11-30T14:07:32.504544
Appartement bien situé à Louvre,532000,52,75001,Paris,seloger,2025-08-08T14:07:32.504544,Quartier_48,2025-11-30T14:07:32.504544
T4 bien situé à Yzeure,145138,81,72000,Le Mans,csv_import,2025-08-06T14:07:32.504544,Quartier_49,2025-11-30T14:07:32.504544
T2 rénové à Puyricard,224255,50,13100,Aix-en-Provence,csv_import,2025-07-04T14:07:32.504544,Quartier_0,2025-11-30T14:07:32.504544
Maison calme à Neustadt,361237,119,67000,Strasbourg,insee,2025-07-14T14:07:32.504544,Quartier_1,2025-11-30T14:07:32.504544
T1 calme à Part-Dieu,125342,27,69001,Lyon,csv_import,2025-06-27T14:07:32.504544,Quartier_2,2025-11-30T14:07:32.504544
T4 moderne à Bouffay,397425,78,44000,Nantes,insee,2025-06-13T14:07:32.504544,Quartier_3,2025-11-30T14:07:32.504544
T4 moderne à Vieux-Nice,446002,87,06000,Nice,csv_import,2025-11-06T14:07:32.504544,Quartier_4,2025-11-30T14:07:32.504544
T5+ bien situé à Centre-ville,415126,163,30000,Nîmes,leboncoin,2025-06-23T14:07:32.504544,Quartier_5,2025-11-30T14:07:32.504544
T5+ calme à Le Corbusier,201472,99,42000,Saint-Étienne,csv_import,2025-08-21T14:07:32.504544,Quartier_6,2025-11-30T14:07:32.504544
T5+ moderne à Saint-Germain,1718291,140,75001,Paris,leboncoin,2025-07-25T14:07:32.504544,Quartier_7,2025-11-30T14:07:32.504544
T2 rénové à Villejean,118969,30,35000,Rennes,insee,2025-06-27T14:07:32.504544,Quartier_8,2025-11-30T14:07:32.504544
T3 bien situé à Madeleine,309780,68,44000,Nantes,seloger,2025-06-15T14:07:32.504544,Quartier_9,2025-11-30T14:07:32.504544
Loft calme à Faubourg North,115507,46,21000,Dijon,leboncoin,2025-07-24T14:07:32.504544,Quartier_10,2025-11-30T14:07:32.504544
T3 bien situé à Jas de Bouffan,207930,60,13100,Aix-en-Provence,insee,2025-06-18T14:07:32.504544,Quartier_11,2025-11-30T14:07:32.504544
Appartement rénové à Roseraie,170306,57,49000,Angers,leboncoin,2025-10-11T14:07:32.504544,Quartier_12,2025-11-30T14:07:32.504544
T2 rénové à Bouffay,121439,39,44000,Nantes,seloger,2025-07-25T14:07:32.504544,Quartier_13,2025-11-30T14:07:32.504544
Villa moderne à Esquermes,329370,112,59000,Lille,leboncoin,2025-09-23T14:07:32.504544,Quartier_14,2025-11-30T14:07:32.504544
Maison moderne à Capitole,879945,170,31000,Toulouse,insee,2025-07-23T14:07:32.504544,Quartier_15,2025-11-30T14:07:32.504544
Appartement bien situé à Saint-Laurent,107331,39,38000,Grenoble,json_import,2025-07-10T14:07:32.504544,Quartier_16,2025-11-30T14:07:32.504544
Loft bien situé à Jas de Bouffan,349293,79,13100,Aix-en-Provence,insee,2025-08-21T14:07:32.504544,Quartier_17,2025-11-30T14:07:32.504544
T1 rénové à Centre,91760,32,63000,Clermont-Ferrand,seloger,2025-07-02T14:07:32.504544,Quartier_18,2025-11-30T14:07:32.504544
T1 rénové à Port Marianne,98462,25,34000,Montpellier,seloger,2025-08-26T14:07:32.504544,Quartier_19,2025-11-30T14:07:32.504544
T5+ lumineux à Écusson,286354,116,30000,Nîmes,seloger,2025-10-06T14:07:32.504544,Quartier_20,2025-11-30T14:07:32.504544
Appartement moderne à Belle-Beille,217664,86,49000,Angers,csv_import,2025-09-11T14:07:32.504544,Quartier_21,2025-11-30T14:07:32.504544
T3 lumineux à Vieux-Nice,218021,58,06000,Nice,csv_import,2025-11-17T14:07:32.504544,Quartier_22,2025-11-30T14:07:32.504544
Villa moderne à Centre,358723,87,21000,Dijon,leboncoin,2025-09-24T14:07:32.504544,Quartier_23,2025-11-30T14:07:32.504544
T3 moderne à Centre-ville,240743,57,13100,Aix-en-Provence,seloger,2025-10-25T14:07:32.504544,Quartier_24,2025-11-30T14:07:32.504544
Maison calme à Part-Dieu,825567,162,69001,Lyon,insee,2025-06-21T14:07:32.504544,Quartier_25,2025-11-30T14:07:32.504544
T4 bien situé à Capitole,434227,87,31000,Toulouse,json_import,2025-08-27T14:07:32.504544,Quartier_26,2025-11-30T14:07:32.504544
T1 calme à Centre,73797,28,49000,Angers,seloger,2025-11-17T14:07:32.504544,Quartier_27,2025-11-30T14:07:32.504544
T5+ moderne à Marais,2370403,178,75001,Paris,seloger,2025-10-30T14:07:32.504544,Quartier_28,2025-11-30T14:07:32.504544
Loft calme à Bouffay,113822,34,44000,Nantes,insee,2025-09-07T14:07:32.504544,Quartier_29,2025-11-30T14:07:32.504544
T2 calme à Vieux-Port,198581,40,13001,Marseille,json_import,2025-10-11T14:07:32.504544,Quartier_30,2025-11-30T14:07:32.504544
Appartement rénové à Centre,199869,82,72000,Le Mans,leboncoin,2025-08-10T14:07:32.504544,Quartier_31,2025-11-30T14:07:32.504544
Villa lumineux à Saint-Marc,226075,80,29200,Brest,seloger,2025-11-03T14:07:32.504544,Quartier_32,2025-11-30T14:07:32.504544
Villa bien situé à Centre,360318,101,72000,Le Mans,json_import,2025-08-01T14:07:32.504544,Quartier_33,2025-11-30T14:07:32.504544
T4 moderne à Vieux-Nice,319460,69,06000,Nice,csv_import,2025-10-24T14:07:32.504544,Quartier_34,2025-11-30T14:07:32.504544
Villa moderne à Saint-Marc,326680,149,29200,Brest,insee,2025-11-28T14:07:32.504544,Quartier_35,2025-11-30T14:07:32.504544
Duplex rénové à Fourvière,508204,89,69001,Lyon,seloger,2025-07-22T14:07:32.504544,Quartier_36,2025-11-30T14:07:32.504544
T3 calme à Part-Dieu,303127,67,69001,Lyon,leboncoin,2025-07-15T14:07:32.504544,Quartier_37,2025-11-30T14:07:32.504544
T1 calme à Centre,60573,22,21000,Dijon,csv_import,2025-11-30T14:07:32.504544,Quartier_38,2025-11-30T14:07:32.504544
Studio rénové à Pointe-Rouge,159713,28,13001,Marseille,insee,2025-07-13T14:07:32.504544,Quartier_39,2025-11-30T14:07:32.504544
Loft bien situé à Centre,381933,75,35000,Rennes,seloger,2025-08-02T14:07:32.504544,Quartier_40,2025-11-30T14:07:32.504544
T1 rénové à Montmartre,227345,22,75001,Paris,seloger,2025-06-29T14:07:32.504544,Quartier_41,2025-11-30T14:07:32.504544
T2 calme à Ecusson,108446,39,34000,Montpellier,insee,2025-10-16T14:07:32.504544,Quartier_42,2025-11-30T14:07:32.504544
Maison rénové à Montchapet,509848,162,21000,Dijon,leboncoin,2025-11-22T14:07:32.504544,Quartier_43,2025-11-30T14:07:32.504544
Studio calme à Centre,55620,20,72000,Le Mans,seloger,2025-07-21T14:07:32.504544,Quartier_44,2025-11-30T14:07:32.504544
T3 moderne à Marsannay,123967,52,21000,Dijon,insee,2025-06-24T14:07:32.504544,Quartier_45,2025-11-30T14:07:32.504544
T2 bien situé à Centre,89471,44,63000,Clermont-Ferrand,leboncoin,2025-09-07T14:07:32.504544,Quartier_46,2025-11-30T14:07:32.504544
T2 lumineux à Valdegour,91786,36,30000,Nîmes,leboncoin,2025-10-05T14:07:32.504544,Quartier_47,2025-11-30T14:07:32.504544
Loft calme à Fives,246998,64,59000,Lille,json_import,2025-07-12T14:07:32.504544,Quartier_48,2025-11-30T14:07:32.504544
Villa lumineux à Neustadt,399657,138,67000,Strasbourg,json_import,2025-07-01T14:07:32.504544,Quartier_49,2025-11-30T14:07:32.504544
T5+ moderne à Centre,281249,129,42000,Saint-Étienne,json_import,2025-09-07T14:07:32.504544,Quartier_0,2025-11-30T14:07:32.504544
Loft moderne à Capitole,179466,50,31000,Toulouse,json_import,2025-10-01T14:07:32.504544,Quartier_1,2025-11-30T14:07:32.504544
Studio rénové à Saint-Cyprien,66513,22,31000,Toulouse,seloger,2025-10-05T14:07:32.504544,Quartier_2,2025-11-30T14:07:32.504544
Appartement rénové à Yzeure,165197,83,72000,Le Mans,csv_import,2025-08-03T14:07:32.504544,Quartier_3,2025-11-30T14:07:32.504544
T1 moderne à Fourvière,112685,18,69001,Lyon,csv_import,2025-11-18T14:07:32.504544,Quartier_4,2025-11-30T14:07:32.504544
T3 bien situé à Roseraie,146188,67,49000,Angers,csv_import,2025-06-09T14:07:32.504544,Quartier_5,2025-11-30T14:07:32.504544
T5+ bien situé à Croix-Rousse,669669,189,69001,Lyon,insee,2025-06-27T14:07:32.504544,Quartier_6,2025-11-30T14:07:32.504544
T5+ rénové à Centre-ville,241881,107,29200,Brest,leboncoin,2025-10-25T14:07:32.504544,Quartier_7,2025-11-30T14:07:32.504544
T3 lumineux à Villeboeuf,124601,57,42000,Saint-Étienne,csv_import,2025-09-22T14:07:32.504544,Quartier_8,2025-11-30T14:07:32.504544
T1 calme à Centre-ville,85724,27,13100,Aix-en-Provence,leboncoin,2025-06-05T14:07:32.504544,Quartier_9,2025-11-30T14:07:32.504544
T5+ lumineux à Saint-Marc,278917,111,29200,Brest,insee,2025-06-25T14:07:32.504544,Quartier_10,2025-11-30T14:07:32.504544
Duplex lumineux à Centre,213408,71,42000,Saint-Étienne,json_import,2025-10-30T14:07:32.504544,Quartier_11,2025-11-30T14:07:32.504544
Villa moderne à Centre-ville,398963,168,30000,Nîmes,csv_import,2025-09-19T14:07:32.504544,Quartier_12,2025-11-30T14:07:32.504544
Studio lumineux à Chartrons,176810,35,33000,Bordeaux,seloger,2025-10-18T14:07:32.504544,Quartier_13,2025-11-30T14:07:32.504544
Studio lumineux à Minimes,46194,15,31000,Toulouse,csv_import,2025-11-10T14:07:32.504544,Quartier_14,2025-11-30T14:07:32.504544
Loft rénové à Kerichen,261520,89,29200,Brest,insee,2025-10-14T14:07:32.504544,Quartier_15,2025-11-30T14:07:32.504544
T3 rénové à Jas de Bouffan,211347,58,13100,Aix-en-Provence,json_import,2025-10-05T14:07:32.504544,Quartier_16,2025-11-30T14:07:32.504544
Studio bien situé à Riquier,89989,19,06000,Nice,csv_import,2025-08-15T14:07:32.504544,Quartier_17,2025-11-30T14:07:32.504544
Appartement lumineux à Centre,324058,89,67000,Strasbourg,csv_import,2025-06-29T14:07:32.504544,Quartier_18,2025-11-30T14:07:32.504544
Appartement lumineux à Panier,245062,76,13001,Marseille,csv_import,2025-09-13T14:07:32.504544,Quartier_19,2025-11-30T14:07:32.504544
Duplex rénové à Saint-Michel,405665,91,33000,Bordeaux,csv_import,2025-07-30T14:07:32.504544,Quartier_20,2025-11-30T14:07:32.504544
T3 lumineux à Jas de Bouffan,336534,61,13100,Aix-en-Provence,insee,2025-08-29T14:07:32.504544,Quartier_21,2025-11-30T14:07:32.504544
T5+ bien situé à Krutenau,451484,133,67000,Strasbourg,seloger,2025-06-20T14:07:32.504544,Quartier_22,2025-11-30T14:07:32.504544
T3 moderne à Trefilerie,132125,48,42000,Saint-Étienne,insee,2025-06-13T14:07:32.504544,Quartier_23,2025-11-30T14:07:32.504544
Maison lumineux à Bastille,719423,176,38000,Grenoble,json_import,2025-11-12T14:07:32.504544,Quartier_24,2025-11-30T14:07:32.504544
Studio rénové à Celleneuve,88343,21,34000,Montpellier,csv_import,2025-11-28T14:07:32.504544,Quartier_25,2025-11-30T14:07:32.504544
Maison bien situé à Dervallières,599425,190,44000,Nantes,seloger,2025-11-24T14:07:32.504544,Quartier_26,2025-11-30T14:07:32.504544
Appartement moderne à Riquier,476281,81,06000,Nice,leboncoin,2025-10-07T14:07:32.504544,Quartier_27,2025-11-30T14:07:32.504544
Maison lumineux à Saint-Michel,572991,114,33000,Bordeaux,seloger,2025-10-21T14:07:32.504544,Quartier_28,2025-11-30T14:07:32.504544
Loft rénové à Centre,127934,41,72000,Le Mans,seloger,2025-09-21T14:07:32.504544,Quartier_29,2025-11-30T14:07:32.504544
T5+ bien situé à Fourvière,678767,161,69001,Lyon,csv_import,2025-09-28T14:07:32.504544,Quartier_30,2025-11-30T14:07:32.504544
Maison calme à Centre-ville,255556,96,30000,Nîmes,json_import,2025-10-28T14:07:32.504544,Quartier_31,2025-11-30T14:07:32.504544
T5+ calme à Faubourg North,278800,109,21000,Dijon,leboncoin,2025-09-08T14:07:32.504544,Quartier_32,2025-11-30T14:07:32.504544
Studio calme à Centre-ville,86858,22,33000,Bordeaux,json_import,2025-07-27T14:07:32.504544,Quartier_33,2025-11-30T14:07:32.504544
Duplex lumineux à Jas de Bouffan,503002,94,13100,Aix-en-Provence,leboncoin,2025-11-20T14:07:32.504544,Quartier_34,2025-11-30T14:07:32.504544
Studio lumineux à Neustadt,94496,25,67000,Strasbourg,seloger,2025-09-10T14:07:32.504544,Quartier_35,2025-11-30T14:07:32.504544
T4 bien situé à Part-Dieu,509385,74,69001,Lyon,json_import,2025-10-14T14:07:32.504544,Quartier_36,2025-11-30T14:07:32.504544
T5+ bien situé à Saint-Cyprien,376018,126,31000,Toulouse,json_import,2025-08-11T14:07:32.504544,Quartier_37,2025-11-30T14:07:32.504544
Loft rénové à Bastille,435086,99,38000,Grenoble,seloger,2025-09-18T14:07:32.504544,Quartier_38,2025-11-30T14:07:32.504544
Duplex bien situé à Centre,220936,73,21000,Dijon,json_import,2025-07-23T14:07:32.504544,Quartier_39,2025-11-30T14:07:32.504544
T1 lumineux à Puyricard,108890,25,13100,Aix-en-Provence,insee,2025-08-23T14:07:32.504544,Quartier_40,2025-11-30T14:07:32.504544
Loft lumineux à Bouffay,265684,62,44000,Nantes,insee,2025-09-07T14:07:32.504544,Quartier_41,2025-11-30T14:07:32.504544
Villa lumineux à Antigone,556009,113,34000,Montpellier,json_import,2025-08-21T14:07:32.504544,Quartier_42,2025-11-30T14:07:32.504544
T2 bien situé à Centre,171999,35,38000,Grenoble,json_import,2025-07-03T14:07:32.504544,Quartier_43,2025-11-30T14:07:32.504544
T2 lumineux à Port Marianne,177672,45,34000,Montpellier,seloger,2025-08-12T14:07:32.504544,Quartier_44,2025-11-30T14:07:32.504544
Maison bien situé à Centre,607226,152,21000,Dijon,seloger,2025-11-11T14:07:32.504544,Quartier_45,2025-11-30T14:07:32.504544
Loft rénové à Celleneuve,285337,80,34000,Montpellier,seloger,2025-08-28T14:07:32.504544,Quartier_46,2025-11-30T14:07:32.504544
T5+ bien situé à Centre,294881,100,49000,Angers,json_import,2025-08-06T14:07:32.504544,Quartier_47,2025-11-30T14:07:32.504544
T2 moderne à Puyricard,200733,50,13100,Aix-en-Provence,insee,2025-09-20T14:07:32.504544,Quartier_48,2025-11-30T14:07:32.504544
Studio bien situé à Centre,147066,33,35000,Rennes,seloger,2025-08-30T14:07:32.504544,Quartier_49,2025-11-30T14:07:32.504544
Duplex moderne à Centre,195519,41,21000,Dijon,leboncoin,2025-11-09T14:07:32.504544,Quartier_0,2025-11-30T14:07:32.504544
Loft moderne à Saint-Germain,946699,84,75001,Paris,leboncoin,2025-06-03T14:07:32.504544,Quartier_1,2025-11-30T14:07:32.504544
Appartement lumineux à Roseraie,140941,85,49000,Angers,insee,2025-11-04T14:07:32.504544,Quartier_2,2025-11-30T14:07:32.504544
Maison lumineux à Jacobins,239679,106,72000,Le Mans,seloger,2025-11-04T14:07:32.504544,Quartier_3,2025-11-30T14:07:32.504544
T3 calme à Grie,173011,69,72000,Le Mans,json_import,2025-07-21T14:07:32.504544,Quartier_4,2025-11-30T14:07:32.504544
Loft calme à Centre-ville,276872,61,13100,Aix-en-Provence,csv_import,2025-10-30T14:07:32.504544,Quartier_5,2025-11-30T14:07:32.504544
Maison rénové à Centre-ville,457656,128,13100,Aix-en-Provence,json_import,2025-07-12T14:07:32.504544,Quartier_6,2025-11-30T14:07:32.504544
Maison bien situé à Jas de Bouffan,598266,108,13100,Aix-en-Provence,json_import,2025-07-21T14:07:32.504544,Quartier_7,2025-11-30T14:07:32.504544
T5+ calme à Ecusson,407997,138,34000,Montpellier,csv_import,2025-06-04T14:07:32.504544,Quartier_8,2025-11-30T14:07:32.504544
Villa calme à Paillon,455775,98,06000,Nice,csv_import,2025-11-16T14:07:32.504544,Quartier_9,2025-11-30T14:07:32.504544
T2 moderne à Faubourg North,94799,33,21000,Dijon,seloger,2025-11-06T14:07:32.504544,Quartier_10,2025-11-30T14:07:32.504544
Loft calme à Chartrons,135491,40,33000,Bordeaux,leboncoin,2025-06-14T14:07:32.504544,Quartier_11,2025-11-30T14:07:32.504544
Villa rénové à Faubourg North,406246,102,21000,Dijon,json_import,2025-08-05T14:07:32.504544,Quartier_12,2025-11-30T14:07:32.504544
Loft moderne à Wazemmes,166280,50,59000,Lille,insee,2025-09-01T14:07:32.504544,Quartier_13,2025-11-30T14:07:32.504544
T4 bien situé à Libération,351837,75,06000,Nice,insee,2025-08-22T14:07:32.504544,Quartier_14,2025-11-30T14:07:32.504544
Duplex calme à Garrigues,78471,33,30000,Nîmes,leboncoin,2025-06-06T14:07:32.504544,Quartier_15,2025-11-30T14:07:32.504544
Studio lumineux à Villeboeuf,83813,32,42000,Saint-Étienne,insee,2025-06-16T14:07:32.504544,Quartier_16,2025-11-30T14:07:32.504544
T5+ lumineux à Trefilerie,358961,131,42000,Saint-Étienne,insee,2025-10-28T14:07:32.504544,Quartier_17,2025-11-30T14:07:32.504544
Appartement rénové à Vieux-Port,219619,52,13001,Marseille,insee,2025-06-28T14:07:32.504544,Quartier_18,2025-11-30T14:07:32.504544
T2 calme à Montmartre,598910,47,75001,Paris,insee,2025-10-12T14:07:32.504544,Quartier_19,2025-11-30T14:07:32.504544
Appartement calme à Jardin Lecoq,128677,76,63000,Clermont-Ferrand,seloger,2025-06-29T14:07:32.504544,Quartier_20,2025-11-30T14:07:32.504544
T4 calme à Écusson,184234,73,30000,Nîmes,csv_import,2025-08-28T14:07:32.504544,Quartier_21,2025-11-30T14:07:32.504544
T5+ lumineux à Paillon,751308,153,06000,Nice,seloger,2025-10-01T14:07:32.504544,Quartier_22,2025-11-30T14:07:32.504544
Studio rénové à Villeboeuf,66351,34,42000,Saint-Étienne,seloger,2025-10-11T14:07:32.504544,Quartier_23,2025-11-30T14:07:32.504544
Duplex rénové à Belle-Beille,69007,23,49000,Angers,leboncoin,2025-07-04T14:07:32.504544,Quartier_24,2025-11-30T14:07:32.504544
T3 calme à Celleneuve,317200,67,34000,Montpellier,csv_import,2025-11-11T14:07:32.504544,Quartier_25,2025-11-30T14:07:32.504544
Maison moderne à Jacobins,402545,162,72000,Le Mans,csv_import,2025-08-01T14:07:32.504544,Quartier_26,2025-11-30T14:07:32.504544
Duplex calme à Villejean,92080,32,35000,Rennes,json_import,2025-09-14T14:07:32.504544,Quartier_27,2025-11-30T14:07:32.504544
Villa moderne à Saint-Germain,1701517,101,75001,Paris,leboncoin,2025-11-04T14:07:32.504544,Quartier_28,2025-11-30T14:07:32.504544
Maison moderne à Centre,370596,105,35000,Rennes,leboncoin,2025-11-27T14:07:32.504544,Quartier_29,2025-11-30T14:07:32.504544
T2 bien situé à Esquermes,133956,36,59000,Lille,csv_import,2025-11-24T14:07:32.504544,Quartier_30,2025-11-30T14:07:32.504544
Studio rénové à Centre,107505,26,67000,Strasbourg,seloger,2025-06-21T14:07:32.504544,Quartier_31,2025-11-30T14:07:32.504544
Maison calme à Wazemmes,579880,161,59000,Lille,json_import,2025-10-19T14:07:32.504544,Quartier_32,2025-11-30T14:07:32.504544
T5+ lumineux à Centre,399595,165,63000,Clermont-Ferrand,csv_import,2025-09-10T14:07:32.504544,Quartier_33,2025-11-30T14:07:32.504544
T5+ calme à Fives,296110,86,59000,Lille,json_import,2025-08-16T14:07:32.504544,Quartier_34,2025-11-30T14:07:32.504544
Studio bien situé à Lac de Maine,41478,23,49000,Angers,insee,2025-09-08T14:07:32.504544,Quartier_35,2025-11-30T14:07:32.504544
Maison rénové à Saint-Marc,323261,127,29200,Brest,json_import,2025-06-25T14:07:32.504544,Quartier_36,2025-11-30T14:07:32.504544
T3 bien situé à Centre,157236,46,49000,Angers,leboncoin,2025-10-01T14:07:32.504544,Quartier_37,2025-11-30T14:07:32.504544
T4 rénové à Bastille,295589,79,38000,Grenoble,insee,2025-07-08T14:07:32.504544,Quartier_38,2025-11-30T14:07:32.504544
Duplex rénové à Port Marianne,114263,32,34000,Montpellier,json_import,2025-07-11T14:07:32.504544,Quartier_39,2025-11-30T14:07:32.504544
Maison moderne à Centre,476168,160,63000,Clermont-Ferrand,json_import,2025-06-09T14:07:32.504544,Quartier_40,2025-11-30T14:07:32.504544
Loft moderne à Presqu'île,174522,45,69001,Lyon,csv_import,2025-07-13T14:07:32.504544,Quartier_41,2025-11-30T14:07:32.504544
T2 moderne à Centre,230265,46,67000,Strasbourg,insee,2025-07-03T14:07:32.504544,Quartier_42,2025-11-30T14:07:32.504544
T2 calme à Graslin,124552,32,44000,Nantes,csv_import,2025-08-15T14:07:32.504544,Quartier_43,2025-11-30T14:07:32.504544
T3 moderne à Marais,429255,65,75001,Paris,insee,2025-10-24T14:07:32.504544,Quartier_44,2025-11-30T14:07:32.504544
T4 rénové à Lambézellec,214568,78,29200,Brest,json_import,2025-07-06T14:07:32.504544,Quartier_45,2025-11-30T14:07:32.504544
Appartement calme à Roseraie,170941,83,49000,Angers,seloger,2025-11-16T14:07:32.504544,Quartier_46,2025-11-30T14:07:32.504544
Villa rénové à Krutenau,344007,99,67000,Strasbourg,csv_import,2025-06-05T14:07:32.504544,Quartier_47,2025-11-30T14:07:32.504544
Studio bien situé à Centre,69955,28,72000,Le Mans,leboncoin,2025-09-16T14:07:32.504544,Quartier_48,2025-11-30T14:07:32.504544
T1 rénové à Saint-Laurent,61814,25,38000,Grenoble,leboncoin,2025-09-06T14:07:32.504544,Quartier_49,2025-11-30T14:07:32.504544
Villa moderne à Riquier,557503,104,06000,Nice,json_import,2025-09-05T14:07:32.504544,Quartier_0,2025-11-30T14:07:32.504544
T4 lumineux à Mistral,246730,85,38000,Grenoble,seloger,2025-08-13T14:07:32.504544,Quartier_1,2025-11-30T14:07:32.504544
T1 bien situé à Esquermes,59711,27,59000,Lille,seloger,2025-06-26T14:07:32.504544,Quartier_2,2025-11-30T14:07:32.504544
T1 bien situé à Centre-ville,129350,22,33000,Bordeaux,json_import,2025-09-14T14:07:32.504544,Quartier_3,2025-11-30T14:07:32.504544
T3 moderne à Dervallières,175241,54,44000,Nantes,csv_import,2025-11-21T14:07:32.504544,Quartier_4,2025-11-30T14:07:32.504544
Villa calme à Neustadt,459887,110,67000,Strasbourg,leboncoin,2025-11-07T14:07:32.504544,Quartier_5,2025-11-30T14:07:32.504544
T4 moderne à Vieux-Port,235554,60,13001,Marseille,csv_import,2025-11-29T14:07:32.504544,Quartier_6,2025-11-30T14:07:32.504544
T3 calme à Minimes,140149,48,31000,Toulouse,json_import,2025-09-22T14:07:32.504544,Quartier_7,2025-11-30T14:07:32.504544
Loft rénové à Vieux-Nice,161411,41,06000,Nice,leboncoin,2025-09-21T14:07:32.504544,Quartier_8,2025-11-30T14:07:32.504544
Duplex moderne à Jacobins,206718,94,72000,Le Mans,insee,2025-09-15T14:07:32.504544,Quartier_9,2025-11-30T14:07:32.504544
T3 bien situé à Vieux-Port,368288,64,13001,Marseille,seloger,2025-11-29T14:07:32.504544,Quartier_10,2025-11-30T14:07:32.504544
T1 lumineux à Faubourg North,35920,17,21000,Dijon,json_import,2025-11-01T14:07:32.504544,Quartier_11,2025-11-30T14:07:32.504544
Studio moderne à Centre,85710,26,49000,Angers,csv_import,2025-07-17T14:07:32.504544,Quartier_12,2025-11-30T14:07:32.504544
Villa rénové à Orangerie,479173,188,67000,Strasbourg,json_import,2025-10-09T14:07:32.504544,Quartier_13,2025-11-30T14:07:32.504544
T5+ lumineux à Bouffay,354520,84,44000,Nantes,seloger,2025-10-20T14:07:32.504544,Quartier_14,2025-11-30T14:07:32.504544
T1 lumineux à Chartrons,69620,16,33000,Bordeaux,insee,2025-06-22T14:07:32.504544,Quartier_15,2025-11-30T14:07:32.504544
T1 bien situé à Faubourg North,111517,35,21000,Dijon,insee,2025-08-12T14:07:32.504544,Quartier_16,2025-11-30T14:07:32.504544
T5+ moderne à Jardin Lecoq,288549,144,63000,Clermont-Ferrand,csv_import,2025-08-18T14:07:32.504544,Quartier_17,2025-11-30T14:07:32.504544
Loft bien situé à Pointe-Rouge,293447,94,13001,Marseille,json_import,2025-10-18T14:07:32.504544,Quartier_18,2025-11-30T14:07:32.504544
T3 rénové à Grie,125880,53,72000,Le Mans,json_import,2025-08-15T14:07:32.504544,Quartier_19,2025-11-30T14:07:32.504544
Appartement moderne à Celleneuve,239305,90,34000,Montpellier,csv_import,2025-10-09T14:07:32.504544,Quartier_20,2025-11-30T14:07:32.504544
T3 moderne à Carmes,190803,58,31000,Toulouse,json_import,2025-06-16T14:07:32.504544,Quartier_21,2025-11-30T14:07:32.504544
Villa calme à Centre,734941,128,67000,Strasbourg,json_import,2025-10-01T14:07:32.504544,Quartier_22,2025-11-30T14:07:32.504544
T5+ calme à Paillon,853083,172,06000,Nice,json_import,2025-09-01T14:07:32.504544,Quartier_23,2025-11-30T14:07:32.504544
T4 rénové à Garrigues,167088,63,30000,Nîmes,json_import,2025-09-08T14:07:32.504544,Quartier_24,2025-11-30T14:07:32.504544
T5+ bien situé à Centre-ville,675511,142,33000,Bordeaux,seloger,2025-10-01T14:07:32.504544,Quartier_25,2025-11-30T14:07:32.504544
T5+ bien situé à Écusson,366993,113,30000,Nîmes,json_import,2025-11-24T14:07:32.504544,Quartier_26,2025-11-30T14:07:32.504544
T2 rénové à Saint-Marc,112674,41,29200,Brest,leboncoin,2025-11-02T14:07:32.504544,Quartier_27,2025-11-30T14:07:32.504544
Appartement bien situé à Villeboeuf,134782,56,42000,Saint-Étienne,csv_import,2025-10-20T14:07:32.504544,Quartier_28,2025-11-30T14:07:32.504544
T2 rénové à Centre,145343,33,35000,Rennes,seloger,2025-08-08T14:07:32.504544,Quartier_29,2025-11-30T14:07:32.504544
Loft calme à Roseraie,193405,93,49000,Angers,leboncoin,2025-09-01T14:07:32.504544,Quartier_30,2025-11-30T14:07:32.504544
Loft lumineux à Chartrons,170825,44,33000,Bordeaux,json_import,2025-06-30T14:07:32.504544,Quartier_31,2025-11-30T14:07:32.504544
T2 calme à Saint-Cyprien,194021,43,31000,Toulouse,json_import,2025-08-27T14:07:32.504544,Quartier_32,2025-11-30T14:07:32.504544
Duplex bien situé à Graslin,260430,64,44000,Nantes,seloger,2025-07-27T14:07:32.504544,Quartier_33,2025-11-30T14:07:32.504544
T2 bien situé à Grie,111869,40,72000,Le Mans,csv_import,2025-10-23T14:07:32.504544,Quartier_34,2025-11-30T14:07:32.504544
Loft rénové à Louvre,534512,48,75001,Paris,json_import,2025-07-06T14:07:32.504544,Quartier_35,2025-11-30T14:07:32.504544
T4 bien situé à Jacobins,223611,77,72000,Le Mans,csv_import,2025-10-18T14:07:32.504544,Quartier_36,2025-11-30T14:07:32.504544
Duplex bien situé à Centre,137573,34,21000,Dijon,seloger,2025-11-12T14:07:32.504544,Quartier_37,2025-11-30T14:07:32.504544
Maison bien situé à Lambézellec,402006,172,29200,Brest,csv_import,2025-11-09T14:07:32.504544,Quartier_38,2025-11-30T14:07:32.504544
Loft moderne à Puyricard,445631,81,13100,Aix-en-Provence,json_import,2025-11-22T14:07:32.504544,Quartier_39,2025-11-30T14:07:32.504544
T3 moderne à Saint-Marc,146633,54,29200,Brest,leboncoin,2025-07-24T14:07:32.504544,Quartier_40,2025-11-30T14:07:32.504544
T4 calme à Dervallières,302006,76,44000,Nantes,insee,2025-08-22T14:07:32.504544,Quartier_41,2025-11-30T14:07:32.504544
Studio moderne à Villeboeuf,90456,35,42000,Saint-Étienne,leboncoin,2025-08-20T14:07:32.504544,Quartier_42,2025-11-30T14:07:32.504544
T5+ rénové à Saint-Cyprien,571391,125,31000,Toulouse,csv_import,2025-06-12T14:07:32.504544,Quartier_43,2025-11-30T14:07:32.504544
Loft calme à Centre,248583,70,21000,Dijon,leboncoin,2025-11-12T14:07:32.504544,Quartier_44,2025-11-30T14:07:32.504544
T5+ rénové à Esquermes,382438,111,59000,Lille,leboncoin,2025-08-29T14:07:32.504544,Quartier_45,2025-11-30T14:07:32.504544
T5+ rénové à Jas de Bouffan,659507,134,13100,Aix-en-Provence,csv_import,2025-10-22T14:07:32.504544,Quartier_46,2025-11-30T14:07:32.504544
Villa calme à Marais,1388243,124,75001,Paris,json_import,2025-08-31T14:07:32.504544,Quartier_47,2025-11-30T14:07:32.504544
Duplex rénové à Minimes,399680,100,31000,Toulouse,csv_import,2025-10-01T14:07:32.504544,Quartier_48,2025-11-30T14:07:32.504544
Maison bien situé à Libération,513873,128,06000,Nice,json_import,2025-09-14T14:07:32.504544,Quartier_49,2025-11-30T14:07:32.504544
T2 bien situé à Antigone,139772,34,34000,Montpellier,leboncoin,2025-11-03T14:07:32.504544,Quartier_0,2025-11-30T14:07:32.504544
T4 rénové à Champratel,146478,78,63000,Clermont-Ferrand,seloger,2025-10-09T14:07:32.504544,Quartier_1,2025-11-30T14:07:32.504544
Studio moderne à Saint-Michel,85895,19,33000,Bordeaux,leboncoin,2025-08-02T14:07:32.504544,Quartier_2,2025-11-30T14:07:32.504544
T2 bien situé à Saint-Cyprien,121901,38,31000,Toulouse,json_import,2025-07-19T14:07:32.504544,Quartier_3,2025-11-30T14:07:32.504544
T1 bien situé à Bastille,83253,28,38000,Grenoble,json_import,2025-09-25T14:07:32.504544,Quartier_4,2025-11-30T14:07:32.504544
T3 calme à Graslin,242077,48,44000,Nantes,csv_import,2025-11-22T14:07:32.504544,Quartier_5,2025-11-30T14:07:32.504544
Loft rénové à Marsannay,153486,41,21000,Dijon,csv_import,2025-08-29T14:07:32.504544,Quartier_6,2025-11-30T14:07:32.504544
Studio lumineux à Saint-Germain,196552,17,75001,Paris,leboncoin,2025-08-21T14:07:32.504544,Quartier_7,2025-11-30T14:07:32.504544
Duplex lumineux à Ecusson,124660,37,34000,Montpellier,insee,2025-07-06T14:07:32.504544,Quartier_8,2025-11-30T14:07:32.504544
T2 bien situé à Centre-ville,104702,39,30000,Nîmes,insee,2025-08-06T14:07:32.504544,Quartier_9,2025-11-30T14:07:32.504544
T2 bien situé à Garrigues,86633,34,30000,Nîmes,seloger,2025-06-23T14:07:32.504544,Quartier_10,2025-11-30T14:07:32.504544
T5+ lumineux à Vieux-Nice,517028,149,06000,Nice,seloger,2025-11-21T14:07:32.504544,Quartier_11,2025-11-30T14:07:32.504544
Appartement calme à Antigone,302204,60,34000,Montpellier,insee,2025-06-05T14:07:32.504544,Quartier_12,2025-11-30T14:07:32.504544
Appartement lumineux à Centre-ville,489476,78,33000,Bordeaux,seloger,2025-06-23T14:07:32.504544,Quartier_13,2025-11-30T14:07:32.504544
Villa moderne à Saint-Marc,371250,111,29200,Brest,csv_import,2025-10-03T14:07:32.504544,Quartier_14,2025-11-30T14:07:32.504544
Maison lumineux à Écusson,360326,109,30000,Nîmes,json_import,2025-08-06T14:07:32.504544,Quartier_15,2025-11-30T14:07:32.504544
Studio moderne à Neustadt,99154,22,67000,Strasbourg,csv_import,2025-07-07T14:07:32.504544,Quartier_16,2025-11-30T14:07:32.504544
T4 bien situé à Antigone,381383,90,34000,Montpellier,csv_import,2025-11-07T14:07:32.504544,Quartier_17,2025-11-30T14:07:32.504544
Appartement bien situé à Bastide,352689,73,33000,Bordeaux,leboncoin,2025-09-05T14:07:32.504544,Quartier_18,2025-11-30T14:07:32.504544
Maison bien situé à Montchapet,455778,132,21000,Dijon,json_import,2025-09-27T14:07:32.508166,Quartier_19,2025-11-30T14:07:32.508166
T3 rénové à Krutenau,186723,59,67000,Strasbourg,seloger,2025-06-07T14:07:32.508166,Quartier_20,2025-11-30T14:07:32.508166
T3 lumineux à Presqu'île,424902,68,69001,Lyon,seloger,2025-06-21T14:07:32.508166,Quartier_21,2025-11-30T14:07:32.508166
Duplex lumineux à Saint-Cyprien,73504,23,31000,Toulouse,json_import,2025-11-19T14:07:32.508166,Quartier_22,2025-11-30T14:07:32.508166
Maison moderne à Bouffay,616981,147,44000,Nantes,seloger,2025-11-24T14:07:32.508166,Quartier_23,2025-11-30T14:07:32.508166
T3 lumineux à Vieux-Lille,147001,65,59000,Lille,leboncoin,2025-10-01T14:07:32.508166,Quartier_24,2025-11-30T14:07:32.508166
T5+ bien situé à Part-Dieu,349983,96,69001,Lyon,csv_import,2025-06-04T14:07:32.508166,Quartier_25,2025-11-30T14:07:32.508166
Villa lumineux à Centre,295600,100,42000,Saint-Étienne,csv_import,2025-08-08T14:07:32.508166,Quartier_26,2025-11-30T14:07:32.508166
Studio bien situé à Jas de Bouffan,111709,28,13100,Aix-en-Provence,leboncoin,2025-10-19T14:07:32.508166,Quartier_27,2025-11-30T14:07:32.508166
Maison moderne à Centre,355969,109,35000,Rennes,insee,2025-07-15T14:07:32.508166,Quartier_28,2025-11-30T14:07:32.508166
T3 rénové à Saint-Michel,239553,53,33000,Bordeaux,insee,2025-09-25T14:07:32.508166,Quartier_29,2025-11-30T14:07:32.508166
T3 moderne à Cours Mirabeau,153842,47,13100,Aix-en-Provence,insee,2025-10-18T14:07:32.508166,Quartier_30,2025-11-30T14:07:32.508166
T3 moderne à Port Marianne,211085,53,34000,Montpellier,leboncoin,2025-10-01T14:07:32.508166,Quartier_31,2025-11-30T14:07:32.508166
T1 lumineux à Carmes,51003,15,31000,Toulouse,csv_import,2025-10-27T14:07:32.508166,Quartier_32,2025-11-30T14:07:32.508166
Loft bien situé à Carmes,247265,63,31000,Toulouse,seloger,2025-09-24T14:07:32.508166,Quartier_33,2025-11-30T14:07:32.508166
Duplex moderne à Centre,218307,76,63000,Clermont-Ferrand,json_import,2025-10-28T14:07:32.508166,Quartier_34,2025-11-30T14:07:32.508166
T3 lumineux à Chartrons,184945,59,33000,Bordeaux,csv_import,2025-06-08T14:07:32.508166,Quartier_35,2025-11-30T14:07:32.508166
Appartement bien situé à Saint-Marc,65670,21,29200,Brest,json_import,2025-08-17T14:07:32.508166,Quartier_36,2025-11-30T14:07:32.508166
Appartement bien situé à Champratel,99411,41,63000,Clermont-Ferrand,insee,2025-10-09T14:07:32.508166,Quartier_37,2025-11-30T14:07:32.508166
Duplex lumineux à Montchapet,165245,62,21000,Dijon,leboncoin,2025-07-01T14:07:32.508166,Quartier_38,2025-11-30T14:07:32.508166
T3 rénové à Carmes,240399,57,31000,Toulouse,insee,2025-06-17T14:07:32.508166,Quartier_39,2025-11-30T14:07:32.508166
T5+ calme à Madeleine,416298,121,44000,Nantes,csv_import,2025-08-27T14:07:32.508166,Quartier_40,2025-11-30T14:07:32.508166
Loft lumineux à Paillon,138189,31,06000,Nice,json_import,2025-06-08T14:07:32.508166,Quartier_41,2025-11-30T14:07:32.508166
T2 moderne à Centre-ville,121313,47,30000,Nîmes,seloger,2025-08-01T14:07:32.508166,Quartier_42,2025-11-30T14:07:32.508166
T4 bien situé à Centre-ville,252501,66,33000,Bordeaux,seloger,2025-06-25T14:07:32.508166,Quartier_43,2025-11-30T14:07:32.508166
Appartement calme à Faubourg North,183452,74,21000,Dijon,insee,2025-08-04T14:07:32.508166,Quartier_44,2025-11-30T14:07:32.508166
Maison rénové à Yzeure,454961,177,72000,Le Mans,insee,2025-09-16T14:07:32.508166,Quartier_45,2025-11-30T14:07:32.508166
Villa calme à Fourvière,493624,101,69001,Lyon,insee,2025-06-06T14:07:32.508166,Quartier_46,2025-11-30T14:07:32.508166
Villa moderne à Centre-ville,302613,121,30000,Nîmes,seloger,2025-11-22T14:07:32.508166,Quartier_47,2025-11-30T14:07:32.508166
Duplex rénové à Antigone,246421,53,34000,Montpellier,seloger,2025-09-05T14:07:32.508166,Quartier_48,2025-11-30T14:07:32.508166
T2 calme à Montmartre,566966,37,75001,Paris,insee,2025-10-13T14:07:32.508166,Quartier_49,2025-11-30T14:07:32.508166
Appartement calme à Brazais,86219,26,35000,Rennes,insee,2025-08-08T14:07:32.508166,Quartier_0,2025-11-30T14:07:32.508166
T5+ bien situé à Part-Dieu,936249,154,69001,Lyon,insee,2025-07-23T14:07:32.508166,Quartier_1,2025-11-30T14:07:32.508166
Studio calme à Vieux-Nice,134521,25,06000,Nice,json_import,2025-09-15T14:07:32.508166,Quartier_2,2025-11-30T14:07:32.508166
Loft lumineux à Riquier,116219,21,06000,Nice,csv_import,2025-07-13T14:07:32.508166,Quartier_3,2025-11-30T14:07:32.508166
Maison calme à Vieux-Nice,537504,116,06000,Nice,csv_import,2025-11-17T14:07:32.508166,Quartier_4,2025-11-30T14:07:32.508166
Maison rénové à Trefilerie,205911,106,42000,Saint-Étienne,seloger,2025-09-15T14:07:32.508166,Quartier_5,2025-11-30T14:07:32.508166
T1 calme à Pointe-Rouge,85991,21,13001,Marseille,leboncoin,2025-09-29T14:07:32.508166,Quartier_6,2025-11-30T14:07:32.508166
Maison moderne à Montchapet,448821,163,21000,Dijon,csv_import,2025-06-20T14:07:32.508166,Quartier_7,2025-11-30T14:07:32.508166
T4 lumineux à Bouffay,383291,82,44000,Nantes,insee,2025-06-08T14:07:32.508166,Quartier_8,2025-11-30T14:07:32.508166
T4 calme à Carmes,198606,64,31000,Toulouse,seloger,2025-07-19T14:07:32.508166,Quartier_9,2025-11-30T14:07:32.508166
T2 moderne à Kerichen,87052,31,29200,Brest,json_import,2025-06-10T14:07:32.508166,Quartier_10,2025-11-30T14:07:32.508166
Studio calme à Port Marianne,123236,29,34000,Montpellier,insee,2025-09-23T14:07:32.508166,Quartier_11,2025-11-30T14:07:32.508166
T2 moderne à Saint-Cyprien,218005,45,31000,Toulouse,csv_import,2025-11-30T14:07:32.508166,Quartier_12,2025-11-30T14:07:32.508166
Loft bien situé à Vieux-Port,358564,77,13001,Marseille,csv_import,2025-09-26T14:07:32.508166,Quartier_13,2025-11-30T14:07:32.508166
Villa rénové à Part-Dieu,519389,132,69001,Lyon,csv_import,2025-07-06T14:07:32.508166,Quartier_14,2025-11-30T14:07:32.508166
T2 bien situé à Cours Mirabeau,233368,42,13100,Aix-en-Provence,json_import,2025-08-18T14:07:32.508166,Quartier_15,2025-11-30T14:07:32.508166
T5+ rénové à Centre,594972,166,21000,Dijon,leboncoin,2025-10-30T14:07:32.508166,Quartier_16,2025-11-30T14:07:32.508166
Villa lumineux à Belle-Beille,382759,186,49000,Angers,leboncoin,2025-09-27T14:07:32.508166,Quartier_17,2025-11-30T14:07:32.508166
Appartement moderne à Neustadt,119074,34,67000,Strasbourg,insee,2025-06-21T14:07:32.508166,Quartier_18,2025-11-30T14:07:32.508166
T4 bien situé à Paillon,269875,63,06000,Nice,seloger,2025-07-25T14:07:32.508166,Quartier_19,2025-11-30T14:07:32.508166
T5+ rénové à Minimes,631237,200,31000,Toulouse,csv_import,2025-11-22T14:07:32.508166,Quartier_20,2025-11-30T14:07:32.508166
Appartement lumineux à Carmes,280274,65,31000,Toulouse,json_import,2025-11-30T14:07:32.508166,Quartier_21,2025-11-30T14:07:32.508166
Studio rénové à Endoume,135585,35,13001,Marseille,csv_import,2025-08-12T14:07:32.508166,Quartier_22,2025-11-30T14:07:32.508166
Studio bien situé à Lac de Maine,51666,27,49000,Angers,insee,2025-08-29T14:07:32.508166,Quartier_23,2025-11-30T14:07:32.508166
T5+ lumineux à Centre-ville,572298,184,33000,Bordeaux,leboncoin,2025-07-11T14:07:32.508166,Quartier_24,2025-11-30T14:07:32.508166
T5+ rénové à Jardin Lecoq,182544,83,63000,Clermont-Ferrand,insee,2025-10-21T14:07:32.508166,Quartier_25,2025-11-30T14:07:32.508166
T4 lumineux à Montchapet,224332,81,21000,Dijon,leboncoin,2025-08-29T14:07:32.508166,Quartier_26,2025-11-30T14:07:32.508166
T1 bien situé à Part-Dieu,181649,30,69001,Lyon,insee,2025-10-29T14:07:32.508166,Quartier_27,2025-11-30T14:07:32.508166
Studio rénové à Champratel,44833,17,63000,Clermont-Ferrand,csv_import,2025-06-28T14:07:32.508166,Quartier_28,2025-11-30T14:07:32.508166
Duplex lumineux à Centre,317552,82,21000,Dijon,csv_import,2025-09-02T14:07:32.508166,Quartier_29,2025-11-30T14:07:32.508166
Studio bien situé à Graslin,109999,30,44000,Nantes,seloger,2025-07-06T14:07:32.508166,Quartier_30,2025-11-30T14:07:32.508166
Villa lumineux à Bastille,481849,159,38000,Grenoble,insee,2025-07-02T14:07:32.508166,Quartier_31,2025-11-30T14:07:32.508166
T3 bien situé à Garrigues,155203,57,30000,Nîmes,csv_import,2025-07-17T14:07:32.508166,Quartier_32,2025-11-30T14:07:32.508166
Appartement lumineux à Saint-Germain,529210,52,75001,Paris,csv_import,2025-08-27T14:07:32.508166,Quartier_33,2025-11-30T14:07:32.508166
T1 calme à Madeleine,83721,30,44000,Nantes,insee,2025-10-17T14:07:32.508166,Quartier_34,2025-11-30T14:07:32.508166
Appartement bien situé à Marsannay,182890,62,21000,Dijon,json_import,2025-08-19T14:07:32.508166,Quartier_35,2025-11-30T14:07:32.508166
T2 calme à Saint-Michel,128924,31,33000,Bordeaux,csv_import,2025-09-30T14:07:32.508166,Quartier_36,2025-11-30T14:07:32.508166
Duplex lumineux à Cleunay,172233,48,35000,Rennes,leboncoin,2025-09-10T14:07:32.508166,Quartier_37,2025-11-30T14:07:32.508166
T2 calme à Bastille,171775,39,38000,Grenoble,json_import,2025-08-13T14:07:32.508166,Quartier_38,2025-11-30T14:07:32.508166
Maison lumineux à Chartrons,583911,148,33000,Bordeaux,csv_import,2025-11-24T14:07:32.508166,Quartier_39,2025-11-30T14:07:32.508166
T5+ rénové à Centre,448542,187,42000,Saint-Étienne,insee,2025-09-28T14:07:32.508166,Quartier_40,2025-11-30T14:07:32.508166
Duplex lumineux à Montchapet,97782,31,21000,Dijon,seloger,2025-11-01T14:07:32.508166,Quartier_41,2025-11-30T14:07:32.508166
Duplex lumineux à Centre,497655,100,35000,Rennes,json_import,2025-08-21T14:07:32.508166,Quartier_42,2025-11-30T14:07:32.508166
Studio bien situé à Grie,74843,32,72000,Le Mans,insee,2025-06-17T14:07:32.508166,Quartier_43,2025-11-30T14:07:32.508166
T1 bien situé à Part-Dieu,90520,15,69001,Lyon,csv_import,2025-11-26T14:07:32.508166,Quartier_44,2025-11-30T14:07:32.508166
Duplex calme à Centre,553725,99,38000,Grenoble,leboncoin,2025-08-11T14:07:32.508166,Quartier_45,2025-11-30T14:07:32.508166
T5+ moderne à Jacobins,360924,127,72000,Le Mans,json_import,2025-07-11T14:07:32.508166,Quartier_46,2025-11-30T14:07:32.508166
T2 bien situé à Celleneuve,210763,45,34000,Montpellier,insee,2025-09-09T14:07:32.508166,Quartier_47,2025-11-30T14:07:32.508166
T5+ lumineux à Puyricard,433791,120,13100,Aix-en-Provence,seloger,2025-07-30T14:07:32.508166,Quartier_48,2025-11-30T14:07:32.508166
T4 calme à Vieux-Lille,163306,61,59000,Lille,leboncoin,2025-08-20T14:07:32.508166,Quartier_49,2025-11-30T14:07:32.508166
Duplex moderne à Centre,409617,89,38000,Grenoble,seloger,2025-07-14T14:07:32.508166,Quartier_0,2025-11-30T14:07:32.508166
Maison calme à Villeboeuf,270571,139,42000,Saint-Étienne,insee,2025-09-30T14:07:32.508166,Quartier_1,2025-11-30T14:07:32.508166
Villa bien situé à Madeleine,440495,90,44000,Nantes,csv_import,2025-06-14T14:07:32.508166,Quartier_2,2025-11-30T14:07:32.508166
Loft calme à Marais,762220,52,75001,Paris,insee,2025-07-31T14:07:32.508166,Quartier_3,2025-11-30T14:07:32.508166
T2 moderne à Krutenau,156988,47,67000,Strasbourg,leboncoin,2025-11-25T14:07:32.508166,Quartier_4,2025-11-30T14:07:32.508166
T5+ rénové à Louvre,2050293,195,75001,Paris,csv_import,2025-06-12T14:07:32.508166,Quartier_5,2025-11-30T14:07:32.508166
Appartement moderne à Celleneuve,100246,26,34000,Montpellier,leboncoin,2025-07-18T14:07:32.508166,Quartier_6,2025-11-30T14:07:32.508166
T1 moderne à Centre,79626,27,49000,Angers,leboncoin,2025-10-12T14:07:32.508166,Quartier_7,2025-11-30T14:07:32.508166
T2 moderne à Kerichen,80257,43,29200,Brest,insee,2025-09-09T14:07:32.508166,Quartier_8,2025-11-30T14:07:32.508166
Loft rénové à Minimes,371901,93,31000,Toulouse,leboncoin,2025-07-02T14:07:32.508166,Quartier_9,2025-11-30T14:07:32.508166
T3 moderne à Villejean,154635,45,35000,Rennes,leboncoin,2025-09-29T14:07:32.508166,Quartier_10,2025-11-30T14:07:32.508166
Loft moderne à Dervallières,204697,52,44000,Nantes,json_import,2025-06-20T14:07:32.508166,Quartier_11,2025-11-30T14:07:32.508166
T5+ calme à Wazemmes,264581,92,59000,Lille,csv_import,2025-06-27T14:07:32.508166,Quartier_12,2025-11-30T14:07:32.508166
T2 lumineux à Capitole,244578,41,31000,Toulouse,seloger,2025-11-07T14:07:32.508166,Quartier_13,2025-11-30T14:07:32.508166
T1 rénové à Paillon,84460,18,06000,Nice,insee,2025-07-02T14:07:32.508166,Quartier_14,2025-11-30T14:07:32.508166
Villa bien situé à Le Corbusier,367252,161,42000,Saint-Étienne,seloger,2025-09-11T14:07:32.508166,Quartier_15,2025-11-30T14:07:32.508166
Loft calme à Chartrons,353399,73,33000,Bordeaux,insee,2025-09-27T14:07:32.508166,Quartier_16,2025-11-30T14:07:32.508166
Appartement moderne à Krutenau,305100,97,67000,Strasbourg,csv_import,2025-11-24T14:07:32.508166,Quartier_17,2025-11-30T14:07:32.508166
Duplex rénové à Libération,112352,30,06000,Nice,leboncoin,2025-06-05T14:07:32.508166,Quartier_18,2025-11-30T14:07:32.508166
T1 lumineux à Cours Mirabeau,177317,33,13100,Aix-en-Provence,leboncoin,2025-11-21T14:07:32.508166,Quartier_19,2025-11-30T14:07:32.508166
T5+ rénové à Écusson,270792,154,30000,Nîmes,seloger,2025-08-25T14:07:32.508166,Quartier_20,2025-11-30T14:07:32.508166
T4 lumineux à Celleneuve,228767,77,34000,Montpellier,json_import,2025-11-02T14:07:32.508166,Quartier_21,2025-11-30T14:07:32.508166
Appartement calme à Saint-Cyprien,92616,30,31000,Toulouse,csv_import,2025-11-16T14:07:32.508166,Quartier_22,2025-11-30T14:07:32.508166
T1 moderne à Saint-Cyprien,64048,18,31000,Toulouse,json_import,2025-09-04T14:07:32.508166,Quartier_23,2025-11-30T14:07:32.508166
T3 rénové à Marsannay,152842,52,21000,Dijon,csv_import,2025-11-08T14:07:32.508166,Quartier_24,2025-11-30T14:07:32.508166
Villa lumineux à Marais,999295,96,75001,Paris,seloger,2025-10-28T14:07:32.508166,Quartier_25,2025-11-30T14:07:32.508166
T1 lumineux à Écusson,55697,23,30000,Nîmes,json_import,2025-08-14T14:07:32.508166,Quartier_26,2025-11-30T14:07:32.508166
T3 bien situé à Centre,145702,65,42000,Saint-Étienne,json_import,2025-08-16T14:07:32.508166,Quartier_27,2025-11-30T14:07:32.508166
T2 bien situé à Lambézellec,87549,33,29200,Brest,seloger,2025-08-19T14:07:32.508166,Quartier_28,2025-11-30T14:07:32.508166
T2 calme à Champratel,85354,50,63000,Clermont-Ferrand,seloger,2025-11-27T14:07:32.508166,Quartier_29,2025-11-30T14:07:32.508166
T5+ moderne à Marais,1813990,189,75001,Paris,leboncoin,2025-10-22T14:07:32.508166,Quartier_30,2025-11-30T14:07:32.508166
T4 moderne à Centre,239948,76,21000,Dijon,json_import,2025-10-20T14:07:32.508166,Quartier_31,2025-11-30T14:07:32.508166
Appartement rénové à Saint-Marc,57618,27,29200,Brest,json_import,2025-10-12T14:07:32.508166,Quartier_32,2025-11-30T14:07:32.508166
Studio lumineux à Centre,164793,32,35000,Rennes,leboncoin,2025-07-01T14:07:32.508166,Quartier_33,2025-11-30T14:07:32.508166
Appartement calme à Montchapet,189572,83,21000,Dijon,insee,2025-06-21T14:07:32.508166,Quartier_34,2025-11-30T14:07:32.508166
T4 lumineux à Croix-Rousse,399972,79,69001,Lyon,insee,2025-09-06T14:07:32.508166,Quartier_35,2025-11-30T14:07:32.508166
T2 lumineux à Centre,189835,42,21000,Dijon,leboncoin,2025-10-01T14:07:32.508166,Quartier_36,2025-11-30T14:07:32.508166
Villa moderne à Mistral,602471,175,38000,Grenoble,leboncoin,2025-08-23T14:07:32.508166,Quartier_37,2025-11-30T14:07:32.508166
T5+ moderne à Cours Mirabeau,715971,117,13100,Aix-en-Provence,leboncoin,2025-11-12T14:07:32.508166,Quartier_38,2025-11-30T14:07:32.508166
Duplex moderne à Endoume,271543,86,13001,Marseille,json_import,2025-07-12T14:07:32.508166,Quartier_39,2025-11-30T14:07:32.508166
Appartement lumineux à Champratel,197707,81,63000,Clermont-Ferrand,csv_import,2025-10-10T14:07:32.508166,Quartier_40,2025-11-30T14:07:32.508166
T5+ calme à Fives,520568,153,59000,Lille,seloger,2025-11-24T14:07:32.508166,Quartier_41,2025-11-30T14:07:32.508166
T5+ calme à Capitole,538508,109,31000,Toulouse,seloger,2025-08-31T14:07:32.508166,Quartier_42,2025-11-30T14:07:32.508166
T4 calme à Lac de Maine,158157,70,49000,Angers,insee,2025-11-21T14:07:32.508166,Quartier_43,2025-11-30T14:07:32.508166
Duplex calme à Lambézellec,57920,28,29200,Brest,csv_import,2025-08-21T14:07:32.508166,Quartier_44,2025-11-30T14:07:32.508166
Duplex calme à Panier,279059,67,13001,Marseille,insee,2025-11-08T14:07:32.508166,Quartier_45,2025-11-30T14:07:32.508166
Studio bien situé à Garrigues,69617,23,30000,Nîmes,insee,2025-10-24T14:07:32.508166,Quartier_46,2025-11-30T14:07:32.508166
Studio lumineux à Villeboeuf,60217,24,42000,Saint-Étienne,json_import,2025-11-24T14:07:32.508166,Quartier_47,2025-11-30T14:07:32.508166
T3 lumineux à Montferrand,85648,54,63000,Clermont-Ferrand,csv_import,2025-10-20T14:07:32.508166,Quartier_48,2025-11-30T14:07:32.508166
Villa moderne à Cleunay,341404,129,35000,Rennes,csv_import,2025-06-21T14:07:32.508166,Quartier_49,2025-11-30T14:07:32.508166
Appartement bien situé à Mistral,96226,38,38000,Grenoble,leboncoin,2025-10-25T14:07:32.508166,Quartier_0,2025-11-30T14:07:32.508166
T2 rénové à Presqu'île,209468,32,69001,Lyon,json_import,2025-11-29T14:07:32.508166,Quartier_1,2025-11-30T14:07:32.508166
Appartement bien situé à Cleunay,257804,63,35000,Rennes,json_import,2025-09-10T14:07:32.508166,Quartier_2,2025-11-30T14:07:32.508166
Duplex bien situé à Vieux-Lille,250141,72,59000,Lille,insee,2025-08-06T14:07:32.508166,Quartier_3,2025-11-30T14:07:32.508166
Villa rénové à Grie,303074,113,72000,Le Mans,seloger,2025-07-23T14:07:32.508166,Quartier_4,2025-11-30T14:07:32.508166
Loft lumineux à Brazais,58885,24,35000,Rennes,leboncoin,2025-11-06T14:07:32.508166,Quartier_5,2025-11-30T14:07:32.508166
T3 lumineux à Esquermes,260992,70,59000,Lille,seloger,2025-10-20T14:07:32.508166,Quartier_6,2025-11-30T14:07:32.508166
Appartement lumineux à Champratel,133127,66,63000,Clermont-Ferrand,seloger,2025-06-23T14:07:32.508166,Quartier_7,2025-11-30T14:07:32.508166
T4 rénové à Mistral,239094,69,38000,Grenoble,leboncoin,2025-07-28T14:07:32.508166,Quartier_8,2025-11-30T14:07:32.508166
T4 rénové à Brazais,273851,71,35000,Rennes,leboncoin,2025-08-12T14:07:32.508166,Quartier_9,2025-11-30T14:07:32.508166
Appartement bien situé à Croix-Rousse,342634,60,69001,Lyon,json_import,2025-07-26T14:07:32.508166,Quartier_10,2025-11-30T14:07:32.508166
T3 lumineux à Marais,755605,62,75001,Paris,insee,2025-07-22T14:07:32.508166,Quartier_11,2025-11-30T14:07:32.508166
Studio moderne à Centre,92027,23,35000,Rennes,seloger,2025-10-09T14:07:32.508166,Quartier_12,2025-11-30T14:07:32.508166
Appartement bien situé à Saint-Germain,347075,32,75001,Paris,csv_import,2025-10-06T14:07:32.508166,Quartier_13,2025-11-30T14:07:32.508166
Studio calme à Vieux-Lille,100415,27,59000,Lille,leboncoin,2025-09-28T14:07:32.508166,Quartier_14,2025-11-30T14:07:32.508166
T1 moderne à Endoume,70658,19,13001,Marseille,json_import,2025-08-18T14:07:32.508166,Quartier_15,2025-11-30T14:07:32.508166
T1 calme à Bouffay,137587,29,44000,Nantes,csv_import,2025-07-24T14:07:32.508166,Quartier_16,2025-11-30T14:07:32.508166
Loft bien situé à Orangerie,206660,70,67000,Strasbourg,insee,2025-09-01T14:07:32.508166,Quartier_17,2025-11-30T14:07:32.508166
Maison rénové à Brazais,454354,156,35000,Rennes,insee,2025-10-04T14:07:32.508166,Quartier_18,2025-11-30T14:07:32.508166
Appartement moderne à Champratel,49250,23,63000,Clermont-Ferrand,leboncoin,2025-11-15T14:07:32.508166,Quartier_19,2025-11-30T14:07:32.508166
Maison rénové à Graslin,698446,162,44000,Nantes,seloger,2025-06-22T14:07:32.508166,Quartier_20,2025-11-30T14:07:32.508166
T2 moderne à Libération,141210,33,06000,Nice,json_import,2025-06-13T14:07:32.508166,Quartier_21,2025-11-30T14:07:32.508166
Maison rénové à Centre,248431,120,63000,Clermont-Ferrand,csv_import,2025-08-05T14:07:32.508166,Quartier_22,2025-11-30T14:07:32.508166
Duplex bien situé à Montferrand,161398,90,63000,Clermont-Ferrand,insee,2025-09-11T14:07:32.508166,Quartier_23,2025-11-30T14:07:32.508166
Villa rénové à Riquier,385883,98,06000,Nice,json_import,2025-07-30T14:07:32.508166,Quartier_24,2025-11-30T14:07:32.508166
T1 rénové à Roseraie,49446,17,49000,Angers,csv_import,2025-09-10T14:07:32.508166,Quartier_25,2025-11-30T14:07:32.508166
Villa calme à Orangerie,294984,87,67000,Strasbourg,csv_import,2025-08-21T14:07:32.508166,Quartier_26,2025-11-30T14:07:32.508166
T2 bien situé à Centre,83854,37,42000,Saint-Étienne,leboncoin,2025-06-06T14:07:32.508166,Quartier_27,2025-11-30T14:07:32.508166
Appartement lumineux à Jardin Lecoq,124144,64,63000,Clermont-Ferrand,json_import,2025-07-16T14:07:32.508166,Quartier_28,2025-11-30T14:07:32.508166
Studio moderne à Centre,80957,33,63000,Clermont-Ferrand,csv_import,2025-10-04T14:07:32.508166,Quartier_29,2025-11-30T14:07:32.508166
T4 lumineux à Montmartre,980069,89,75001,Paris,seloger,2025-07-19T14:07:32.508166,Quartier_30,2025-11-30T14:07:32.508166
Loft lumineux à Centre,311150,75,38000,Grenoble,insee,2025-11-28T14:07:32.508166,Quartier_31,2025-11-30T14:07:32.508166
Appartement moderne à Saint-Marc,159824,54,29200,Brest,seloger,2025-09-07T14:07:32.508166,Quartier_32,2025-11-30T14:07:32.508166
T5+ lumineux à Belle-Beille,257564,128,49000,Angers,csv_import,2025-06-03T14:07:32.508166,Quartier_33,2025-11-30T14:07:32.508166
Duplex moderne à Bastide,463936,99,33000,Bordeaux,seloger,2025-09-27T14:07:32.508166,Quartier_34,2025-11-30T14:07:32.508166
T4 lumineux à Kerichen,225769,74,29200,Brest,insee,2025-07-22T14:07:32.508166,Quartier_35,2025-11-30T14:07:32.508166
T3 calme à Lambézellec,144519,46,29200,Brest,leboncoin,2025-07-14T14:07:32.508166,Quartier_36,2025-11-30T14:07:32.508166
T2 lumineux à Wazemmes,115184,34,59000,Lille,seloger,2025-09-11T14:07:32.508166,Quartier_37,2025-11-30T14:07:32.508166
T5+ calme à Centre,330154,127,72000,Le Mans,csv_import,2025-09-09T14:07:32.508166,Quartier_38,2025-11-30T14:07:32.508166
Appartement moderne à Madeleine,180525,39,44000,Nantes,csv_import,2025-11-12T14:07:32.508166,Quartier_39,2025-11-30T14:07:32.508166
Maison calme à Neustadt,412728,107,67000,Strasbourg,seloger,2025-09-19T14:07:32.508166,Quartier_40,2025-11-30T14:07:32.508166
T1 moderne à Centre,80604,26,72000,Le Mans,seloger,2025-09-22T14:07:32.508166,Quartier_41,2025-11-30T14:07:32.508166
T3 moderne à Antigone,223901,70,34000,Montpellier,seloger,2025-11-25T14:07:32.508166,Quartier_42,2025-11-30T14:07:32.508166
Loft calme à Villeboeuf,163556,83,42000,Saint-Étienne,insee,2025-09-08T14:07:32.508166,Quartier_43,2025-11-30T14:07:32.508166
Loft moderne à Madeleine,296240,83,44000,Nantes,leboncoin,2025-07-09T14:07:32.508166,Quartier_44,2025-11-30T14:07:32.508166
T3 bien situé à Antigone,186717,46,34000,Montpellier,leboncoin,2025-07-13T14:07:32.508166,Quartier_45,2025-11-30T14:07:32.508166
Appartement moderne à Vieux-Port,268647,62,13001,Marseille,seloger,2025-08-13T14:07:32.508166,Quartier_46,2025-11-30T14:07:32.508166
T1 rénové à Écusson,94830,34,30000,Nîmes,csv_import,2025-07-09T14:07:32.508166,Quartier_47,2025-11-30T14:07:32.508166
Villa bien situé à Fives,347960,111,59000,Lille,insee,2025-07-04T14:07:32.508166,Quartier_48,2025-11-30T14:07:32.508166
T3 bien situé à Centre-ville,105285,45,30000,Nîmes,json_import,2025-07-28T14:07:32.508166,Quartier_49,2025-11-30T14:07:32.508166
Studio rénové à Antigone,129500,35,34000,Montpellier,seloger,2025-09-16T14:07:32.508166,Quartier_0,2025-11-30T14:07:32.508166
T4 calme à Bastide,267775,69,33000,Bordeaux,seloger,2025-11-23T14:07:32.508166,Quartier_1,2025-11-30T14:07:32.508166
T5+ calme à Villejean,274959,85,35000,Rennes,csv_import,2025-09-15T14:07:32.508166,Quartier_2,2025-11-30T14:07:32.508166
T5+ moderne à Marsannay,329578,114,21000,Dijon,seloger,2025-07-05T14:07:32.508166,Quartier_3,2025-11-30T14:07:32.508166
T2 lumineux à Saint-Cyprien,107649,30,31000,Toulouse,json_import,2025-06-21T14:07:32.508166,Quartier_4,2025-11-30T14:07:32.508166
Appartement moderne à Champratel,122835,61,63000,Clermont-Ferrand,csv_import,2025-07-05T14:07:32.508166,Quartier_5,2025-11-30T14:07:32.508166
Maison bien situé à Lambézellec,451087,124,29200,Brest,insee,2025-09-13T14:07:32.508166,Quartier_6,2025-11-30T14:07:32.508166
Appartement lumineux à Champratel,86531,50,63000,Clermont-Ferrand,leboncoin,2025-08-16T14:07:32.508166,Quartier_7,2025-11-30T14:07:32.508166
T5+ calme à Cleunay,503928,158,35000,Rennes,csv_import,2025-11-15T14:07:32.508166,Quartier_8,2025-11-30T14:07:32.508166
T2 calme à Centre,201606,47,38000,Grenoble,leboncoin,2025-09-01T14:07:32.508166,Quartier_9,2025-11-30T14:07:32.508166
Duplex rénové à Centre,140040,42,21000,Dijon,leboncoin,2025-11-09T14:07:32.508166,Quartier_10,2025-11-30T14:07:32.508166
Loft calme à Brazais,283387,75,35000,Rennes,seloger,2025-09-12T14:07:32.508166,Quartier_11,2025-11-30T14:07:32.508166
T3 lumineux à Croix-Rousse,258248,53,69001,Lyon,seloger,2025-11-14T14:07:32.508166,Quartier_12,2025-11-30T14:07:32.508166
T5+ lumineux à Bastille,351490,85,38000,Grenoble,insee,2025-09-16T14:07:32.508166,Quartier_13,2025-11-30T14:07:32.508166
Studio rénové à Antigone,101698,22,34000,Montpellier,csv_import,2025-09-11T14:07:32.508166,Quartier_14,2025-11-30T14:07:32.508166
T1 bien situé à Marsannay,72063,29,21000,Dijon,insee,2025-09-08T14:07:32.508166,Quartier_15,2025-11-30T14:07:32.508166
Appartement bien situé à Saint-Laurent,286590,87,38000,Grenoble,csv_import,2025-07-13T14:07:32.508166,Quartier_16,2025-11-30T14:07:32.508166
T4 calme à Cours Mirabeau,445019,84,13100,Aix-en-Provence,csv_import,2025-11-21T14:07:32.508166,Quartier_17,2025-11-30T14:07:32.508166
Maison bien situé à Fives,754799,180,59000,Lille,leboncoin,2025-07-15T14:07:32.508166,Quartier_18,2025-11-30T14:07:32.508166
Maison rénové à Belle-Beille,386131,117,49000,Angers,csv_import,2025-07-23T14:07:32.508166,Quartier_19,2025-11-30T14:07:32.508166
Loft moderne à Vieux-Lille,109802,39,59000,Lille,seloger,2025-07-31T14:07:32.508166,Quartier_20,2025-11-30T14:07:32.508166
Appartement rénové à Celleneuve,185270,66,34000,Montpellier,csv_import,2025-10-08T14:07:32.508166,Quartier_21,2025-11-30T14:07:32.508166
Loft rénové à Antigone,160488,40,34000,Montpellier,json_import,2025-08-08T14:07:32.508166,Quartier_22,2025-11-30T14:07:32.508166
T1 bien situé à Marais,192907,15,75001,Paris,json_import,2025-09-19T14:07:32.508166,Quartier_23,2025-11-30T14:07:32.508166
Duplex bien situé à Port Marianne,313011,74,34000,Montpellier,insee,2025-07-27T14:07:32.508166,Quartier_24,2025-11-30T14:07:32.508166
Appartement bien situé à Centre,261813,82,72000,Le Mans,json_import,2025-10-23T14:07:32.508166,Quartier_25,2025-11-30T14:07:32.508166
Loft moderne à Lac de Maine,43921,24,49000,Angers,json_import,2025-10-06T14:07:32.508166,Quartier_26,2025-11-30T14:07:32.508166
T3 lumineux à Centre,211086,70,42000,Saint-Étienne,json_import,2025-07-22T14:07:32.508166,Quartier_27,2025-11-30T14:07:32.508166
Maison rénové à Graslin,691890,138,44000,Nantes,leboncoin,2025-06-19T14:07:32.508166,Quartier_28,2025-11-30T14:07:32.508166
Loft calme à Antigone,289772,74,34000,Montpellier,csv_import,2025-07-30T14:07:32.508166,Quartier_29,2025-11-30T14:07:32.508166
Maison calme à Puyricard,372349,82,13100,Aix-en-Provence,leboncoin,2025-09-24T14:07:32.508166,Quartier_30,2025-11-30T14:07:32.508166
T4 bien situé à Villejean,354460,85,35000,Rennes,insee,2025-09-03T14:07:32.508166,Quartier_31,2025-11-30T14:07:32.508166
Duplex bien situé à Louvre,1481314,86,75001,Paris,insee,2025-08-22T14:07:32.508166,Quartier_32,2025-11-30T14:07:32.508166
Studio rénové à Esquermes,76403,23,59000,Lille,insee,2025-07-23T14:07:32.508166,Quartier_33,2025-11-30T14:07:32.508166
Loft calme à Antigone,308390,75,34000,Montpellier,json_import,2025-11-24T14:07:32.508166,Quartier_34,2025-11-30T14:07:32.508166
T5+ rénové à Puyricard,421897,98,13100,Aix-en-Provence,leboncoin,2025-08-10T14:07:32.508166,Quartier_35,2025-11-30T14:07:32.508166
Appartement moderne à Lac de Maine,89544,40,49000,Angers,csv_import,2025-09-04T14:07:32.508166,Quartier_36,2025-11-30T14:07:32.508166
Villa rénové à Marsannay,408545,145,21000,Dijon,insee,2025-11-04T14:07:32.508166,Quartier_37,2025-11-30T14:07:32.508166
Maison lumineux à Orangerie,407988,110,67000,Strasbourg,insee,2025-06-07T14:07:32.508166,Quartier_38,2025-11-30T14:07:32.508166
Duplex lumineux à Dervallières,66841,20,44000,Nantes,json_import,2025-10-14T14:07:32.508166,Quartier_39,2025-11-30T14:07:32.508166
T3 lumineux à Cleunay,138213,47,35000,Rennes,csv_import,2025-07-01T14:07:32.508166,Quartier_40,2025-11-30T14:07:32.508166
T4 lumineux à Dervallières,344903,85,44000,Nantes,json_import,2025-10-26T14:07:32.508166,Quartier_41,2025-11-30T14:07:32.508166
T5+ lumineux à Centre,420031,135,72000,Le Mans,json_import,2025-10-11T14:07:32.508166,Quartier_42,2025-11-30T14:07:32.508166
Appartement lumineux à Cours Mirabeau,372234,88,13100,Aix-en-Provence,seloger,2025-08-07T14:07:32.508166,Quartier_43,2025-11-30T14:07:32.508166
Loft lumineux à Esquermes,129801,48,59000,Lille,csv_import,2025-07-31T14:07:32.508166,Quartier_44,2025-11-30T14:07:32.508166
Villa bien situé à Madeleine,420659,121,44000,Nantes,csv_import,2025-09-14T14:07:32.508166,Quartier_45,2025-11-30T14:07:32.508166
T4 lumineux à Yzeure,250857,87,72000,Le Mans,json_import,2025-06-04T14:07:32.508166,Quartier_46,2025-11-30T14:07:32.508166
Studio lumineux à Dervallières,113983,31,44000,Nantes,json_import,2025-11-23T14:07:32.508166,Quartier_47,2025-11-30T14:07:32.508166
T3 moderne à Croix-Rousse,270482,52,69001,Lyon,seloger,2025-08-29T14:07:32.508166,Quartier_48,2025-11-30T14:07:32.508166
T4 calme à Belle-Beille,214423,87,49000,Angers,leboncoin,2025-08-17T14:07:32.508166,Quartier_49,2025-11-30T14:07:32.508166
T3 moderne à Bastide,253244,70,33000,Bordeaux,leboncoin,2025-11-22T14:07:32.508166,Quartier_0,2025-11-30T14:07:32.508166
Maison lumineux à Centre-ville,629824,197,29200,Brest,seloger,2025-10-11T14:07:32.508166,Quartier_1,2025-11-30T14:07:32.508166
T5+ lumineux à Antigone,503789,111,34000,Montpellier,leboncoin,2025-11-15T14:07:32.508166,Quartier_2,2025-11-30T14:07:32.508166
Duplex calme à Bouffay,309774,63,44000,Nantes,json_import,2025-07-23T14:07:32.508166,Quartier_3,2025-11-30T14:07:32.508166
Maison rénové à Saint-Germain,1747806,116,75001,Paris,json_import,2025-06-07T14:07:32.508166,Quartier_4,2025-11-30T14:07:32.508166
Maison calme à Wazemmes,431271,104,59000,Lille,csv_import,2025-06-19T14:07:32.508166,Quartier_5,2025-11-30T14:07:32.508166
Appartement calme à Mistral,313597,85,38000,Grenoble,json_import,2025-08-16T14:07:32.508166,Quartier_6,2025-11-30T14:07:32.508166
T2 rénové à Centre,150492,37,21000,Dijon,csv_import,2025-06-25T14:07:32.508166,Quartier_7,2025-11-30T14:07:32.508166
T3 lumineux à Libération,213563,47,06000,Nice,json_import,2025-08-31T14:07:32.508166,Quartier_8,2025-11-30T14:07:32.508166
Appartement moderne à Villeboeuf,71457,45,42000,Saint-Étienne,leboncoin,2025-06-21T14:07:32.508166,Quartier_9,2025-11-30T14:07:32.508166
Studio bien situé à Carmes,87137,26,31000,Toulouse,seloger,2025-09-21T14:07:32.508166,Quartier_10,2025-11-30T14:07:32.508166
T5+ rénové à Riquier,878398,154,06000,Nice,insee,2025-11-25T14:07:32.508166,Quartier_11,2025-11-30T14:07:32.508166
Villa rénové à Jas de Bouffan,595426,102,13100,Aix-en-Provence,json_import,2025-06-03T14:07:32.508166,Quartier_12,2025-11-30T14:07:32.508166
T4 lumineux à Centre-ville,486028,90,13100,Aix-en-Provence,insee,2025-06-15T14:07:32.508166,Quartier_13,2025-11-30T14:07:32.508166
Maison calme à Port Marianne,275603,82,34000,Montpellier,insee,2025-09-08T14:07:32.508166,Quartier_14,2025-11-30T14:07:32.508166
Appartement moderne à Montferrand,145419,58,63000,Clermont-Ferrand,seloger,2025-11-23T14:07:32.508166,Quartier_15,2025-11-30T14:07:32.508166
Studio moderne à Centre,90428,27,21000,Dijon,csv_import,2025-10-22T14:07:32.508166,Quartier_16,2025-11-30T14:07:32.508166
T4 moderne à Antigone,194750,64,34000,Montpellier,leboncoin,2025-06-27T14:07:32.508166,Quartier_17,2025-11-30T14:07:32.508166
T5+ lumineux à Centre,381111,121,72000,Le Mans,json_import,2025-07-05T14:07:32.508166,Quartier_18,2025-11-30T14:07:32.508166
T4 calme à Marsannay,270725,89,21000,Dijon,insee,2025-06-08T14:07:32.508166,Quartier_19,2025-11-30T14:07:32.508166
T5+ bien situé à Saint-Marc,370741,161,29200,Brest,insee,2025-06-17T14:07:32.508166,Quartier_20,2025-11-30T14:07:32.508166
T1 bien situé à Centre-ville,43960,17,29200,Brest,csv_import,2025-09-04T14:07:32.508166,Quartier_21,2025-11-30T14:07:32.508166
Appartement bien situé à Écusson,216179,79,30000,Nîmes,json_import,2025-06-09T14:07:32.508166,Quartier_22,2025-11-30T14:07:32.508166
Studio bien situé à Vieux-Lille,54680,15,59000,Lille,csv_import,2025-09-04T14:07:32.508166,Quartier_23,2025-11-30T14:07:32.508166
Studio rénové à Cours Mirabeau,114327,19,13100,Aix-en-Provence,insee,2025-11-22T14:07:32.508166,Quartier_24,2025-11-30T14:07:32.508166
Villa bien situé à Mistral,387381,139,38000,Grenoble,insee,2025-11-14T14:07:32.508166,Quartier_25,2025-11-30T14:07:32.508166
T2 moderne à Wazemmes,133807,32,59000,Lille,seloger,2025-07-15T14:07:32.508166,Quartier_26,2025-11-30T14:07:32.508166
Villa rénové à Presqu'île,442560,104,69001,Lyon,json_import,2025-07-29T14:07:32.508166,Quartier_27,2025-11-30T14:07:32.508166
T5+ lumineux à Esquermes,513362,170,59000,Lille,csv_import,2025-11-16T14:07:32.508166,Quartier_28,2025-11-30T14:07:32.508166
Appartement moderne à Montchapet,260309,97,21000,Dijon,insee,2025-08-24T14:07:32.508166,Quartier_29,2025-11-30T14:07:32.508166
Maison lumineux à Part-Dieu,397878,93,69001,Lyon,seloger,2025-08-09T14:07:32.508166,Quartier_30,2025-11-30T14:07:32.508166
T2 moderne à Brazais,169952,37,35000,Rennes,leboncoin,2025-10-06T14:07:32.508166,Quartier_31,2025-11-30T14:07:32.508166
Appartement lumineux à Croix-Rousse,503959,88,69001,Lyon,seloger,2025-07-21T14:07:32.508166,Quartier_32,2025-11-30T14:07:32.508166
Appartement moderne à Villeboeuf,250807,93,42000,Saint-Étienne,json_import,2025-06-29T14:07:32.508166,Quartier_33,2025-11-30T14:07:32.508166
T1 rénové à Marais,331666,24,75001,Paris,insee,2025-08-15T14:07:32.508166,Quartier_34,2025-11-30T14:07:32.508166
T1 lumineux à Jas de Bouffan,118356,28,13100,Aix-en-Provence,leboncoin,2025-10-03T14:07:32.508166,Quartier_35,2025-11-30T14:07:32.508166
Duplex bien situé à Centre-ville,281676,59,33000,Bordeaux,csv_import,2025-07-12T14:07:32.508166,Quartier_36,2025-11-30T14:07:32.508166
T5+ lumineux à Bastide,919401,193,33000,Bordeaux,seloger,2025-10-22T14:07:32.508166,Quartier_37,2025-11-30T14:07:32.508166
T3 calme à Montferrand,81306,50,63000,Clermont-Ferrand,leboncoin,2025-10-17T14:07:32.508166,Quartier_38,2025-11-30T14:07:32.508166
T4 calme à Montchapet,303966,74,21000,Dijon,json_import,2025-11-16T14:07:32.508166,Quartier_39,2025-11-30T14:07:32.508166
Duplex moderne à Centre-ville,182563,79,30000,Nîmes,json_import,2025-06-24T14:07:32.508166,Quartier_40,2025-11-30T14:07:32.508166
Studio lumineux à Bastide,119949,35,33000,Bordeaux,json_import,2025-09-03T14:07:32.508166,Quartier_41,2025-11-30T14:07:32.508166
T1 moderne à Trefilerie,84687,35,42000,Saint-Étienne,seloger,2025-07-11T14:07:32.508166,Quartier_42,2025-11-30T14:07:32.508166
Duplex bien situé à Centre-ville,217701,59,29200,Brest,json_import,2025-10-23T14:07:32.508166,Quartier_43,2025-11-30T14:07:32.508166
T1 rénové à Roseraie,41795,20,49000,Angers,csv_import,2025-10-22T14:07:32.508166,Quartier_44,2025-11-30T14:07:32.508166
T2 lumineux à Fourvière,138180,35,69001,Lyon,csv_import,2025-08-15T14:07:32.508166,Quartier_45,2025-11-30T14:07:32.508166
Loft rénové à Centre,197330,65,42000,Saint-Étienne,csv_import,2025-11-23T14:07:32.508166,Quartier_46,2025-11-30T14:07:32.508166
Appartement lumineux à Croix-Rousse,411515,100,69001,Lyon,seloger,2025-09-23T14:07:32.508166,Quartier_47,2025-11-30T14:07:32.508166
Studio lumineux à Madeleine,96985,19,44000,Nantes,leboncoin,2025-09-10T14:07:32.508166,Quartier_48,2025-11-30T14:07:32.508166
Maison bien situé à Centre-ville,471238,85,13100,Aix-en-Provence,insee,2025-11-02T14:07:32.508166,Quartier_49,2025-11-30T14:07:32.508166
T5+ rénové à Faubourg North,466216,143,21000,Dijon,json_import,2025-06-24T14:07:32.508166,Quartier_0,2025-11-30T14:07:32.508166
Studio rénové à Valdegour,38478,17,30000,Nîmes,seloger,2025-08-13T14:07:32.508166,Quartier_1,2025-11-30T14:07:32.508166
Maison rénové à Faubourg North,544956,163,21000,Dijon,insee,2025-06-21T14:07:32.508166,Quartier_2,2025-11-30T14:07:32.508166
Duplex bien situé à Celleneuve,201003,58,34000,Montpellier,insee,2025-09-28T14:07:32.508166,Quartier_3,2025-11-30T14:07:32.508166
Loft bien situé à Montchapet,160101,58,21000,Dijon,leboncoin,2025-10-08T14:07:32.508166,Quartier_4,2025-11-30T14:07:32.508166
Villa calme à Centre,741535,188,35000,Rennes,csv_import,2025-11-24T14:07:32.508166,Quartier_5,2025-11-30T14:07:32.508166
T1 lumineux à Antigone,123039,30,34000,Montpellier,leboncoin,2025-11-29T14:07:32.508166,Quartier_6,2025-11-30T14:07:32.508166
T2 moderne à Part-Dieu,147520,35,69001,Lyon,csv_import,2025-06-21T14:07:32.508166,Quartier_7,2025-11-30T14:07:32.508166
T3 rénové à Saint-Michel,239111,61,33000,Bordeaux,json_import,2025-10-14T14:07:32.508166,Quartier_8,2025-11-30T14:07:32.508166
Villa bien situé à Saint-Marc,395925,132,29200,Brest,seloger,2025-07-07T14:07:32.508166,Quartier_9,2025-11-30T14:07:32.508166
Villa lumineux à Endoume,280823,82,13001,Marseille,leboncoin,2025-11-01T14:07:32.508166,Quartier_10,2025-11-30T14:07:32.508166
T2 rénové à Faubourg North,134850,37,21000,Dijon,leboncoin,2025-11-11T14:07:32.508166,Quartier_11,2025-11-30T14:07:32.508166
T2 lumineux à Villeboeuf,94343,50,42000,Saint-Étienne,leboncoin,2025-10-01T14:07:32.508166,Quartier_12,2025-11-30T14:07:32.508166
Loft moderne à Minimes,193542,39,31000,Toulouse,leboncoin,2025-07-26T14:07:32.508166,Quartier_13,2025-11-30T14:07:32.508166
T2 lumineux à Centre,199209,41,67000,Strasbourg,leboncoin,2025-06-05T14:07:32.508166,Quartier_14,2025-11-30T14:07:32.508166
T4 lumineux à Paillon,394449,63,06000,Nice,json_import,2025-09-11T14:07:32.508166,Quartier_15,2025-11-30T14:07:32.508166
T4 bien situé à Brazais,241816,69,35000,Rennes,leboncoin,2025-09-30T14:07:32.508166,Quartier_16,2025-11-30T14:07:32.508166
Appartement bien situé à Part-Dieu,539688,75,69001,Lyon,insee,2025-07-22T14:07:32.508166,Quartier_17,2025-11-30T14:07:32.508166
Maison bien situé à Saint-Cyprien,302182,91,31000,Toulouse,csv_import,2025-07-20T14:07:32.508166,Quartier_18,2025-11-30T14:07:32.508166
T5+ bien situé à Jacobins,305601,173,72000,Le Mans,seloger,2025-11-09T14:07:32.508166,Quartier_19,2025-11-30T14:07:32.508166
Villa bien situé à Kerichen,486487,175,29200,Brest,json_import,2025-07-20T14:07:32.508166,Quartier_20,2025-11-30T14:07:32.508166
Villa moderne à Marsannay,262070,119,21000,Dijon,insee,2025-10-16T14:07:32.508166,Quartier_21,2025-11-30T14:07:32.508166
Maison moderne à Croix-Rousse,535710,105,69001,Lyon,seloger,2025-08-17T14:07:32.508166,Quartier_22,2025-11-30T14:07:32.508166
Duplex lumineux à Capitole,367272,66,31000,Toulouse,json_import,2025-10-11T14:07:32.508166,Quartier_23,2025-11-30T14:07:32.508166
Villa calme à Cours Mirabeau,381872,120,13100,Aix-en-Provence,json_import,2025-06-30T14:07:32.508166,Quartier_24,2025-11-30T14:07:32.508166
Studio calme à Minimes,106192,32,31000,Toulouse,insee,2025-11-15T14:07:32.508166,Quartier_25,2025-11-30T14:07:32.508166
Appartement moderne à Louvre,1218346,94,75001,Paris,insee,2025-08-25T14:07:32.508166,Quartier_26,2025-11-30T14:07:32.508166
T2 calme à Bouffay,184838,48,44000,Nantes,seloger,2025-06-14T14:07:32.508166,Quartier_27,2025-11-30T14:07:32.508166
Maison lumineux à Paillon,368796,100,06000,Nice,json_import,2025-08-30T14:07:32.508166,Quartier_28,2025-11-30T14:07:32.508166
T5+ rénové à Centre,541864,105,67000,Strasbourg,csv_import,2025-11-28T14:07:32.508166,Quartier_29,2025-11-30T14:07:32.508166
T1 moderne à Centre-ville,78844,22,33000,Bordeaux,leboncoin,2025-10-26T14:07:32.508166,Quartier_30,2025-11-30T14:07:32.508166
T3 moderne à Saint-Marc,160306,55,29200,Brest,leboncoin,2025-11-30T14:07:32.508166,Quartier_31,2025-11-30T14:07:32.508166
T1 calme à Centre-ville,144964,23,33000,Bordeaux,csv_import,2025-10-01T14:07:32.508166,Quartier_32,2025-11-30T14:07:32.508166
Duplex rénové à Puyricard,226832,40,13100,Aix-en-Provence,insee,2025-07-16T14:07:32.508166,Quartier_33,2025-11-30T14:07:32.508166
T2 calme à Valdegour,108983,42,30000,Nîmes,json_import,2025-10-24T14:07:32.508166,Quartier_34,2025-11-30T14:07:32.508166
Villa moderne à Fourvière,609323,84,69001,Lyon,seloger,2025-09-05T14:07:32.508166,Quartier_35,2025-11-30T14:07:32.508166
Duplex rénové à Centre-ville,186475,36,33000,Bordeaux,csv_import,2025-08-26T14:07:32.508166,Quartier_36,2025-11-30T14:07:32.508166
T5+ rénové à Orangerie,305993,89,67000,Strasbourg,json_import,2025-11-01T14:07:32.508166,Quartier_37,2025-11-30T14:07:32.508166
T3 moderne à Cleunay,254493,66,35000,Rennes,json_import,2025-07-30T14:07:32.508166,Quartier_38,2025-11-30T14:07:32.508166
Duplex lumineux à Valdegour,101657,39,30000,Nîmes,leboncoin,2025-06-24T14:07:32.508166,Quartier_39,2025-11-30T14:07:32.508166
Appartement moderne à Pointe-Rouge,244327,79,13001,Marseille,insee,2025-07-31T14:07:32.508166,Quartier_40,2025-11-30T14:07:32.508166
T3 calme à Le Corbusier,134848,67,42000,Saint-Étienne,leboncoin,2025-08-13T14:07:32.508166,Quartier_41,2025-11-30T14:07:32.508166
Maison rénové à Lambézellec,434856,139,29200,Brest,insee,2025-08-26T14:07:32.508166,Quartier_42,2025-11-30T14:07:32.508166
Villa bien situé à Centre-ville,472913,190,29200,Brest,json_import,2025-11-04T14:07:32.508166,Quartier_43,2025-11-30T14:07:32.508166
Studio bien situé à Chartrons,132029,31,33000,Bordeaux,seloger,2025-10-17T14:07:32.508166,Quartier_44,2025-11-30T14:07:32.508166
T2 rénové à Capitole,210293,42,31000,Toulouse,seloger,2025-10-12T14:07:32.508166,Quartier_45,2025-11-30T14:07:32.508166
T2 bien situé à Centre,98324,33,42000,Saint-Étienne,csv_import,2025-08-07T14:07:32.508166,Quartier_46,2025-11-30T14:07:32.508166
T2 calme à Grie,75288,39,72000,Le Mans,leboncoin,2025-11-19T14:07:32.508166,Quartier_47,2025-11-30T14:07:32.508166
Loft calme à Minimes,246932,70,31000,Toulouse,csv_import,2025-11-10T14:07:32.508166,Quartier_48,2025-11-30T14:07:32.508166
T5+ lumineux à Vieux-Lille,246157,96,59000,Lille,leboncoin,2025-11-21T14:07:32.508166,Quartier_49,2025-11-30T14:07:32.508166
Maison lumineux à Mistral,314107,121,38000,Grenoble,insee,2025-09-10T14:07:32.508166,Quartier_0,2025-11-30T14:07:32.508166
Duplex calme à Vieux-Port,345111,83,13001,Marseille,csv_import,2025-10-04T14:07:32.508166,Quartier_1,2025-11-30T14:07:32.508166
T1 bien situé à Centre-ville,134004,29,13100,Aix-en-Provence,json_import,2025-07-08T14:07:32.508166,Quartier_2,2025-11-30T14:07:32.508166
T4 rénové à Jacobins,160762,63,72000,Le Mans,json_import,2025-08-23T14:07:32.508166,Quartier_3,2025-11-30T14:07:32.508166
Studio moderne à Montmartre,157625,20,75001,Paris,seloger,2025-09-10T14:07:32.508166,Quartier_4,2025-11-30T14:07:32.508166
Duplex bien situé à Le Corbusier,188683,79,42000,Saint-Étienne,leboncoin,2025-11-15T14:07:32.508166,Quartier_5,2025-11-30T14:07:32.508166
Appartement bien situé à Centre,97495,31,72000,Le Mans,insee,2025-09-08T14:07:32.508166,Quartier_6,2025-11-30T14:07:32.508166
Loft moderne à Jacobins,122304,72,72000,Le Mans,leboncoin,2025-09-13T14:07:32.508166,Quartier_7,2025-11-30T14:07:32.508166
Loft bien situé à Mistral,271112,69,38000,Grenoble,insee,2025-06-14T14:07:32.508166,Quartier_8,2025-11-30T14:07:32.508166
Maison calme à Lambézellec,270755,90,29200,Brest,leboncoin,2025-06-11T14:07:32.508166,Quartier_9,2025-11-30T14:07:32.508166
Studio moderne à Faubourg North,92753,29,21000,Dijon,seloger,2025-07-29T14:07:32.508166,Quartier_10,2025-11-30T14:07:32.508166
Studio moderne à Yzeure,42839,18,72000,Le Mans,json_import,2025-08-07T14:07:32.508166,Quartier_11,2025-11-30T14:07:32.508166
T4 calme à Saint-Germain,790721,70,75001,Paris,csv_import,2025-09-17T14:07:32.508166,Quartier_12,2025-11-30T14:07:32.508166
T2 rénové à Krutenau,107040,33,67000,Strasbourg,insee,2025-11-26T14:07:32.508166,Quartier_13,2025-11-30T14:07:32.508166
T1 calme à Minimes,63291,17,31000,Toulouse,insee,2025-07-22T14:07:32.508166,Quartier_14,2025-11-30T14:07:32.508166
Studio lumineux à Le Corbusier,69713,31,42000,Saint-Étienne,leboncoin,2025-07-07T14:07:32.508166,Quartier_15,2025-11-30T14:07:32.508166
T1 lumineux à Trefilerie,57972,20,42000,Saint-Étienne,json_import,2025-11-01T14:07:32.508166,Quartier_16,2025-11-30T14:07:32.508166
Appartement bien situé à Bouffay,226685,48,44000,Nantes,leboncoin,2025-11-15T14:07:32.508166,Quartier_17,2025-11-30T14:07:32.508166
Studio bien situé à Minimes,63553,19,31000,Toulouse,insee,2025-08-11T14:07:32.508166,Quartier_18,2025-11-30T14:07:32.508166
Appartement lumineux à Antigone,131692,32,34000,Montpellier,leboncoin,2025-09-17T14:07:32.508166,Quartier_19,2025-11-30T14:07:32.508166
Maison rénové à Jacobins,328182,141,72000,Le Mans,seloger,2025-07-21T14:07:32.508166,Quartier_20,2025-11-30T14:07:32.508166
Loft rénové à Vieux-Port,221544,37,13001,Marseille,json_import,2025-06-30T14:07:32.508166,Quartier_21,2025-11-30T14:07:32.508166
Appartement calme à Neustadt,207658,68,67000,Strasbourg,json_import,2025-11-28T14:07:32.508166,Quartier_22,2025-11-30T14:07:32.508166
Loft moderne à Centre,227706,50,21000,Dijon,seloger,2025-07-09T14:07:32.508166,Quartier_23,2025-11-30T14:07:32.508166
T4 rénové à Villeboeuf,174088,84,42000,Saint-Étienne,seloger,2025-07-19T14:07:32.508166,Quartier_24,2025-11-30T14:07:32.508166
T5+ moderne à Cours Mirabeau,753756,176,13100,Aix-en-Provence,seloger,2025-09-05T14:07:32.508166,Quartier_25,2025-11-30T14:07:32.508166
Appartement rénové à Centre-ville,236474,77,29200,Brest,json_import,2025-08-07T14:07:32.508166,Quartier_26,2025-11-30T14:07:32.508166
T1 moderne à Jacobins,53904,29,72000,Le Mans,leboncoin,2025-07-26T14:07:32.508166,Quartier_27,2025-11-30T14:07:32.508166
Villa bien situé à Lac de Maine,273888,133,49000,Angers,csv_import,2025-06-10T14:07:32.508166,Quartier_28,2025-11-30T14:07:32.508166
Duplex lumineux à Kerichen,223583,87,29200,Brest,seloger,2025-09-17T14:07:32.508166,Quartier_29,2025-11-30T14:07:32.508166
T4 moderne à Centre,303382,68,35000,Rennes,seloger,2025-10-23T14:07:32.508166,Quartier_30,2025-11-30T14:07:32.508166
Duplex moderne à Cours Mirabeau,373242,95,13100,Aix-en-Provence,leboncoin,2025-10-23T14:07:32.508166,Quartier_31,2025-11-30T14:07:32.508166
T3 moderne à Centre-ville,190942,53,13100,Aix-en-Provence,json_import,2025-06-20T14:07:32.508166,Quartier_32,2025-11-30T14:07:32.508166
T5+ rénové à Vieux-Port,686543,138,13001,Marseille,json_import,2025-11-17T14:07:32.508166,Quartier_33,2025-11-30T14:07:32.508166
Loft rénové à Saint-Cyprien,139200,39,31000,Toulouse,csv_import,2025-10-15T14:07:32.508166,Quartier_34,2025-11-30T14:07:32.508166
Duplex bien situé à Riquier,289990,48,06000,Nice,seloger,2025-09-06T14:07:32.508166,Quartier_35,2025-11-30T14:07:32.508166
Loft calme à Endoume,332916,80,13001,Marseille,csv_import,2025-11-01T14:07:32.508166,Quartier_36,2025-11-30T14:07:32.508166
T4 calme à Centre,274424,90,42000,Saint-Étienne,leboncoin,2025-10-25T14:07:32.508166,Quartier_37,2025-11-30T14:07:32.508166
T5+ rénové à Endoume,442975,99,13001,Marseille,json_import,2025-07-10T14:07:32.508166,Quartier_38,2025-11-30T14:07:32.508166
Duplex lumineux à Bastille,399469,100,38000,Grenoble,seloger,2025-08-14T14:07:32.508166,Quartier_39,2025-11-30T14:07:32.508166
Loft calme à Libération,342816,62,06000,Nice,json_import,2025-10-11T14:07:32.508166,Quartier_40,2025-11-30T14:07:32.508166
Appartement calme à Krutenau,99728,29,67000,Strasbourg,csv_import,2025-10-29T14:07:32.508166,Quartier_41,2025-11-30T14:07:32.508166
T3 bien situé à Part-Dieu,463346,66,69001,Lyon,insee,2025-06-30T14:07:32.508166,Quartier_42,2025-11-30T14:07:32.508166
Maison bien situé à Carmes,816453,192,31000,Toulouse,json_import,2025-09-20T14:07:32.508166,Quartier_43,2025-11-30T14:07:32.508166
T3 lumineux à Saint-Laurent,203364,58,38000,Grenoble,csv_import,2025-08-05T14:07:32.508166,Quartier_44,2025-11-30T14:07:32.508166
Villa bien situé à Centre-ville,433578,150,30000,Nîmes,json_import,2025-10-04T14:07:32.508166,Quartier_45,2025-11-30T14:07:32.508166
T1 rénové à Neustadt,135503,34,67000,Strasbourg,leboncoin,2025-11-26T14:07:32.508166,Quartier_46,2025-11-30T14:07:32.508166
Studio moderne à Mistral,104398,30,38000,Grenoble,insee,2025-08-31T14:07:32.508166,Quartier_47,2025-11-30T14:07:32.508166
T4 moderne à Endoume,317883,66,13001,Marseille,json_import,2025-06-07T14:07:32.508166,Quartier_48,2025-11-30T14:07:32.508166
Appartement lumineux à Roseraie,111666,41,49000,Angers,csv_import,2025-08-01T14:07:32.508166,Quartier_49,2025-11-30T14:07:32.508166
T5+ moderne à Krutenau,559626,132,67000,Strasbourg,csv_import,2025-06-30T14:07:32.508166,Quartier_0,2025-11-30T14:07:32.508166
Appartement lumineux à Faubourg North,74772,23,21000,Dijon,insee,2025-08-04T14:07:32.508166,Quartier_1,2025-11-30T14:07:32.508166
T3 moderne à Centre,266370,61,35000,Rennes,json_import,2025-08-17T14:07:32.508166,Quartier_2,2025-11-30T14:07:32.508166
Villa rénové à Cours Mirabeau,375485,89,13100,Aix-en-Provence,csv_import,2025-10-28T14:07:32.508166,Quartier_3,2025-11-30T14:07:32.508166
T5+ calme à Cleunay,735576,188,35000,Rennes,leboncoin,2025-09-19T14:07:32.508166,Quartier_4,2025-11-30T14:07:32.508166
T1 lumineux à Bastille,62614,16,38000,Grenoble,insee,2025-11-08T14:07:32.508166,Quartier_5,2025-11-30T14:07:32.508166
T5+ rénové à Faubourg North,398506,123,21000,Dijon,insee,2025-07-29T14:07:32.508166,Quartier_6,2025-11-30T14:07:32.508166
T3 rénové à Dervallières,299423,67,44000,Nantes,insee,2025-06-03T14:07:32.508166,Quartier_7,2025-11-30T14:07:32.508166
T3 calme à Centre,280845,61,21000,Dijon,insee,2025-08-28T14:07:32.508166,Quartier_8,2025-11-30T14:07:32.508166
Appartement lumineux à Centre,151013,33,21000,Dijon,leboncoin,2025-08-23T14:07:32.508166,Quartier_9,2025-11-30T14:07:32.508166
Studio rénové à Champratel,52573,21,63000,Clermont-Ferrand,json_import,2025-08-23T14:07:32.508166,Quartier_10,2025-11-30T14:07:32.508166
T3 bien situé à Mistral,213690,58,38000,Grenoble,seloger,2025-06-05T14:07:32.508166,Quartier_11,2025-11-30T14:07:32.508166
Maison lumineux à Krutenau,489170,132,67000,Strasbourg,seloger,2025-10-30T14:07:32.508166,Quartier_12,2025-11-30T14:07:32.508166
Maison bien situé à Dervallières,425874,84,44000,Nantes,seloger,2025-06-09T14:07:32.508166,Quartier_13,2025-11-30T14:07:32.508166
T1 rénové à Centre,120882,24,67000,Strasbourg,json_import,2025-06-24T14:07:32.508166,Quartier_14,2025-11-30T14:07:32.508166
T3 moderne à Part-Dieu,355989,58,69001,Lyon,json_import,2025-06-12T14:07:32.508166,Quartier_15,2025-11-30T14:07:32.508166
Maison moderne à Saint-Laurent,519769,192,38000,Grenoble,csv_import,2025-11-12T14:07:32.508166,Quartier_16,2025-11-30T14:07:32.508166
Appartement bien situé à Montchapet,302803,90,21000,Dijon,leboncoin,2025-09-09T14:07:32.508166,Quartier_17,2025-11-30T14:07:32.508166
T4 lumineux à Celleneuve,199400,68,34000,Montpellier,json_import,2025-09-19T14:07:32.508166,Quartier_18,2025-11-30T14:07:32.508166
Loft moderne à Puyricard,244402,65,13100,Aix-en-Provence,insee,2025-06-07T14:07:32.508166,Quartier_19,2025-11-30T14:07:32.508166
Studio calme à Belle-Beille,95494,30,49000,Angers,json_import,2025-10-10T14:07:32.508166,Quartier_20,2025-11-30T14:07:32.508166
Appartement lumineux à Dervallières,108052,30,44000,Nantes,leboncoin,2025-09-16T14:07:32.508166,Quartier_21,2025-11-30T14:07:32.508166
Studio calme à Écusson,54997,20,30000,Nîmes,seloger,2025-06-12T14:07:32.508166,Quartier_22,2025-11-30T14:07:32.508166
T1 bien situé à Villejean,64182,23,35000,Rennes,csv_import,2025-06-29T14:07:32.508166,Quartier_23,2025-11-30T14:07:32.508166
T5+ moderne à Centre,820855,178,38000,Grenoble,json_import,2025-10-10T14:07:32.508166,Quartier_24,2025-11-30T14:07:32.508166
Loft lumineux à Endoume,325237,75,13001,Marseille,csv_import,2025-10-22T14:07:32.508166,Quartier_25,2025-11-30T14:07:32.508166
Maison calme à Croix-Rousse,701661,114,69001,Lyon,seloger,2025-10-19T14:07:32.508166,Quartier_26,2025-11-30T14:07:32.508166
T1 lumineux à Panier,57737,18,13001,Marseille,insee,2025-09-01T14:07:32.508166,Quartier_27,2025-11-30T14:07:32.508166
Duplex lumineux à Bastille,281070,85,38000,Grenoble,csv_import,2025-11-19T14:07:32.508166,Quartier_28,2025-11-30T14:07:32.508166
T2 calme à Orangerie,119703,32,67000,Strasbourg,json_import,2025-08-30T14:07:32.508166,Quartier_29,2025-11-30T14:07:32.508166
T3 rénové à Antigone,176373,68,34000,Montpellier,seloger,2025-07-07T14:07:32.508166,Quartier_30,2025-11-30T14:07:32.508166
T2 bien situé à Louvre,579910,43,75001,Paris,insee,2025-07-21T14:07:32.508166,Quartier_31,2025-11-30T14:07:32.508166
T5+ moderne à Ecusson,278808,92,34000,Montpellier,seloger,2025-08-10T14:07:32.508166,Quartier_32,2025-11-30T14:07:32.508166
T4 rénové à Ecusson,406752,90,34000,Montpellier,csv_import,2025-06-25T14:07:32.508166,Quartier_33,2025-11-30T14:07:32.508166
Duplex lumineux à Saint-Michel,291029,75,33000,Bordeaux,csv_import,2025-08-07T14:07:32.508166,Quartier_34,2025-11-30T14:07:32.508166
T3 lumineux à Carmes,218055,58,31000,Toulouse,leboncoin,2025-10-15T14:07:32.508166,Quartier_35,2025-11-30T14:07:32.508166
Appartement calme à Trefilerie,61006,34,42000,Saint-Étienne,seloger,2025-07-18T14:07:32.508166,Quartier_36,2025-11-30T14:07:32.508166
T2 calme à Orangerie,146019,45,67000,Strasbourg,seloger,2025-07-17T14:07:32.508166,Quartier_37,2025-11-30T14:07:32.508166
Duplex calme à Grie,255607,96,72000,Le Mans,json_import,2025-07-27T14:07:32.508166,Quartier_38,2025-11-30T14:07:32.508166
Loft moderne à Roseraie,195272,98,49000,Angers,json_import,2025-06-20T14:07:32.508166,Quartier_39,2025-11-30T14:07:32.512818
T5+ moderne à Brazais,294697,104,35000,Rennes,seloger,2025-08-04T14:07:32.512818,Quartier_40,2025-11-30T14:07:32.512818
Duplex rénové à Roseraie,114886,60,49000,Angers,insee,2025-11-18T14:07:32.512818,Quartier_41,2025-11-30T14:07:32.512818
T3 lumineux à Centre,219232,68,49000,Angers,leboncoin,2025-11-10T14:07:32.512818,Quartier_42,2025-11-30T14:07:32.512818
Villa moderne à Capitole,386594,96,31000,Toulouse,json_import,2025-08-25T14:07:32.512818,Quartier_43,2025-11-30T14:07:32.512818
Maison calme à Saint-Cyprien,341412,101,31000,Toulouse,seloger,2025-07-22T14:07:32.512818,Quartier_44,2025-11-30T14:07:32.512818
Duplex moderne à Garrigues,161998,48,30000,Nîmes,seloger,2025-09-03T14:07:32.512818,Quartier_45,2025-11-30T14:07:32.512818
Villa lumineux à Valdegour,486689,193,30000,Nîmes,csv_import,2025-07-07T14:07:32.512818,Quartier_46,2025-11-30T14:07:32.512818
Appartement bien situé à Wazemmes,291073,84,59000,Lille,seloger,2025-08-31T14:07:32.512818,Quartier_47,2025-11-30T14:07:32.512818
T1 moderne à Bastille,46615,15,38000,Grenoble,json_import,2025-10-28T14:07:32.512818,Quartier_48,2025-11-30T14:07:32.512818
Appartement moderne à Capitole,263332,58,31000,Toulouse,seloger,2025-07-27T14:07:32.512818,Quartier_49,2025-11-30T14:07:32.512818
Maison rénové à Vieux-Lille,553097,163,59000,Lille,leboncoin,2025-06-12T14:07:32.512818,Quartier_0,2025-11-30T14:07:32.512818
T4 rénové à Belle-Beille,274025,90,49000,Angers,json_import,2025-11-17T14:07:32.512818,Quartier_1,2025-11-30T14:07:32.512818
Appartement bien situé à Villeboeuf,47208,21,42000,Saint-Étienne,insee,2025-07-17T14:07:32.512818,Quartier_2,2025-11-30T14:07:32.512818
Appartement calme à Croix-Rousse,221832,58,69001,Lyon,csv_import,2025-07-13T14:07:32.512818,Quartier_3,2025-11-30T14:07:32.512818
Studio bien situé à Vieux-Lille,91558,31,59000,Lille,insee,2025-11-21T14:07:32.512818,Quartier_4,2025-11-30T14:07:32.512818
T4 lumineux à Celleneuve,301825,90,34000,Montpellier,csv_import,2025-10-03T14:07:32.512818,Quartier_5,2025-11-30T14:07:32.512818
T3 rénové à Presqu'île,289952,65,69001,Lyon,leboncoin,2025-07-03T14:07:32.512818,Quartier_6,2025-11-30T14:07:32.512818
T4 lumineux à Grie,167438,71,72000,Le Mans,leboncoin,2025-09-16T14:07:32.512818,Quartier_7,2025-11-30T14:07:32.512818
Appartement calme à Antigone,127649,39,34000,Montpellier,seloger,2025-10-03T14:07:32.512818,Quartier_8,2025-11-30T14:07:32.512818
T2 rénové à Centre,94492,32,21000,Dijon,insee,2025-09-28T14:07:32.512818,Quartier_9,2025-11-30T14:07:32.512818
T2 bien situé à Minimes,169766,47,31000,Toulouse,seloger,2025-06-07T14:07:32.512818,Quartier_10,2025-11-30T14:07:32.512818
Studio calme à Centre,70378,30,72000,Le Mans,csv_import,2025-10-30T14:07:32.512818,Quartier_11,2025-11-30T14:07:32.512818
T3 rénové à Puyricard,188970,53,13100,Aix-en-Provence,csv_import,2025-11-17T14:07:32.512818,Quartier_12,2025-11-30T14:07:32.512818
T2 calme à Saint-Michel,250620,44,33000,Bordeaux,leboncoin,2025-08-16T14:07:32.512818,Quartier_13,2025-11-30T14:07:32.512818
T1 bien situé à Villejean,44976,15,35000,Rennes,leboncoin,2025-06-23T14:07:32.512818,Quartier_14,2025-11-30T14:07:32.512818
Villa calme à Centre,212823,90,49000,Angers,seloger,2025-10-28T14:07:32.512818,Quartier_15,2025-11-30T14:07:32.512818
T4 lumineux à Centre,254658,62,67000,Strasbourg,csv_import,2025-09-11T14:07:32.512818,Quartier_16,2025-11-30T14:07:32.512818
T5+ lumineux à Villeboeuf,362594,157,42000,Saint-Étienne,insee,2025-06-22T14:07:32.512818,Quartier_17,2025-11-30T14:07:32.512818
T3 rénové à Écusson,208215,69,30000,Nîmes,leboncoin,2025-10-06T14:07:32.512818,Quartier_18,2025-11-30T14:07:32.512818
T3 moderne à Dervallières,157701,45,44000,Nantes,json_import,2025-09-19T14:07:32.512818,Quartier_19,2025-11-30T14:07:32.512818
T4 bien situé à Riquier,244537,61,06000,Nice,seloger,2025-09-27T14:07:32.512818,Quartier_20,2025-11-30T14:07:32.512818
Appartement rénové à Saint-Germain,1025625,72,75001,Paris,csv_import,2025-09-18T14:07:32.512818,Quartier_21,2025-11-30T14:07:32.512818
T1 bien situé à Belle-Beille,38293,17,49000,Angers,csv_import,2025-07-21T14:07:32.512818,Quartier_22,2025-11-30T14:07:32.512818
Duplex bien situé à Le Corbusier,240673,99,42000,Saint-Étienne,seloger,2025-08-08T14:07:32.512818,Quartier_23,2025-11-30T14:07:32.512818
Duplex calme à Fives,161386,60,59000,Lille,json_import,2025-11-02T14:07:32.512818,Quartier_24,2025-11-30T14:07:32.512818
T2 rénové à Saint-Marc,94192,39,29200,Brest,leboncoin,2025-08-08T14:07:32.512818,Quartier_25,2025-11-30T14:07:32.512818
Duplex bien situé à Chartrons,181893,51,33000,Bordeaux,seloger,2025-10-23T14:07:32.512818,Quartier_26,2025-11-30T14:07:32.512818
Appartement moderne à Cleunay,127742,45,35000,Rennes,csv_import,2025-07-29T14:07:32.512818,Quartier_27,2025-11-30T14:07:32.512818
T1 bien situé à Centre-ville,72820,24,30000,Nîmes,insee,2025-06-06T14:07:32.512818,Quartier_28,2025-11-30T14:07:32.512818
Studio rénové à Écusson,103234,35,30000,Nîmes,csv_import,2025-09-23T14:07:32.512818,Quartier_29,2025-11-30T14:07:32.512818
T2 moderne à Endoume,234938,42,13001,Marseille,seloger,2025-10-09T14:07:32.512818,Quartier_30,2025-11-30T14:07:32.512818
Maison calme à Fourvière,823405,147,69001,Lyon,json_import,2025-08-31T14:07:32.512818,Quartier_31,2025-11-30T14:07:32.512818
Villa moderne à Trefilerie,320296,143,42000,Saint-Étienne,csv_import,2025-11-11T14:07:32.512818,Quartier_32,2025-11-30T14:07:32.512818
Studio moderne à Neustadt,74860,17,67000,Strasbourg,seloger,2025-11-25T14:07:32.512818,Quartier_33,2025-11-30T14:07:32.512818
Maison bien situé à Jas de Bouffan,611507,137,13100,Aix-en-Provence,seloger,2025-08-19T14:07:32.512818,Quartier_34,2025-11-30T14:07:32.512818
T4 calme à Libération,282870,70,06000,Nice,leboncoin,2025-06-19T14:07:32.512818,Quartier_35,2025-11-30T14:07:32.512818
T5+ moderne à Centre,779441,195,38000,Grenoble,json_import,2025-09-13T14:07:32.512818,Quartier_36,2025-11-30T14:07:32.512818
T4 lumineux à Centre,245145,83,72000,Le Mans,seloger,2025-07-29T14:07:32.512818,Quartier_37,2025-11-30T14:07:32.512818
T4 calme à Marsannay,188435,70,21000,Dijon,csv_import,2025-11-19T14:07:32.512818,Quartier_38,2025-11-30T14:07:32.512818
Duplex moderne à Orangerie,166900,43,67000,Strasbourg,csv_import,2025-06-08T14:07:32.512818,Quartier_39,2025-11-30T14:07:32.512818
Maison moderne à Fourvière,881785,179,69001,Lyon,csv_import,2025-08-19T14:07:32.512818,Quartier_40,2025-11-30T14:07:32.512818
T1 moderne à Wazemmes,96789,34,59000,Lille,csv_import,2025-07-10T14:07:32.512818,Quartier_41,2025-11-30T14:07:32.512818
Villa rénové à Saint-Marc,338382,147,29200,Brest,leboncoin,2025-11-17T14:07:32.512818,Quartier_42,2025-11-30T14:07:32.512818
Studio calme à Ecusson,114776,34,34000,Montpellier,insee,2025-10-07T14:07:32.512818,Quartier_43,2025-11-30T14:07:32.512818
T2 bien situé à Fourvière,152723,30,69001,Lyon,csv_import,2025-09-27T14:07:32.512818,Quartier_44,2025-11-30T14:07:32.512818
Duplex moderne à Centre,279393,83,49000,Angers,json_import,2025-10-31T14:07:32.512818,Quartier_45,2025-11-30T14:07:32.512818
Appartement bien situé à Croix-Rousse,226734,46,69001,Lyon,json_import,2025-09-13T14:07:32.512818,Quartier_46,2025-11-30T14:07:32.512818
Villa lumineux à Part-Dieu,999045,177,69001,Lyon,json_import,2025-10-30T14:07:32.512818,Quartier_47,2025-11-30T14:07:32.512818
T1 rénové à Louvre,285600,18,75001,Paris,leboncoin,2025-08-19T14:07:32.512818,Quartier_48,2025-11-30T14:07:32.512818
Studio calme à Centre,96507,29,63000,Clermont-Ferrand,json_import,2025-10-19T14:07:32.512818,Quartier_49,2025-11-30T14:07:32.512818
T3 calme à Fives,159124,47,59000,Lille,json_import,2025-09-24T14:07:32.512818,Quartier_0,2025-11-30T14:07:32.512818
Loft moderne à Centre-ville,249897,89,30000,Nîmes,leboncoin,2025-11-29T14:07:32.512818,Quartier_1,2025-11-30T14:07:32.512818
Appartement moderne à Vieux-Lille,244789,72,59000,Lille,json_import,2025-09-16T14:07:32.512818,Quartier_2,2025-11-30T14:07:32.512818
Appartement calme à Saint-Michel,328126,77,33000,Bordeaux,seloger,2025-10-03T14:07:32.512818,Quartier_3,2025-11-30T14:07:32.512818
T5+ bien situé à Vieux-Nice,599786,118,06000,Nice,json_import,2025-11-11T14:07:32.512818,Quartier_4,2025-11-30T14:07:32.512818
Studio lumineux à Louvre,426675,26,75001,Paris,json_import,2025-06-08T14:07:32.512818,Quartier_5,2025-11-30T14:07:32.512818
T4 lumineux à Saint-Germain,1204084,85,75001,Paris,leboncoin,2025-06-06T14:07:32.512818,Quartier_6,2025-11-30T14:07:32.512818
Studio calme à Dervallières,87196,24,44000,Nantes,leboncoin,2025-09-29T14:07:32.512818,Quartier_7,2025-11-30T14:07:32.512818
Duplex bien situé à Centre-ville,294342,92,29200,Brest,seloger,2025-11-06T14:07:32.512818,Quartier_8,2025-11-30T14:07:32.512818
Appartement calme à Grie,137657,64,72000,Le Mans,csv_import,2025-10-18T14:07:32.512818,Quartier_9,2025-11-30T14:07:32.512818
Villa rénové à Pointe-Rouge,398241,83,13001,Marseille,seloger,2025-09-12T14:07:32.512818,Quartier_10,2025-11-30T14:07:32.512818
Maison calme à Carmes,353077,91,31000,Toulouse,seloger,2025-10-18T14:07:32.512818,Quartier_11,2025-11-30T14:07:32.512818
Maison bien situé à Roseraie,345716,150,49000,Angers,csv_import,2025-10-21T14:07:32.512818,Quartier_12,2025-11-30T14:07:32.512818
Maison moderne à Montchapet,327303,92,21000,Dijon,json_import,2025-11-29T14:07:32.512818,Quartier_13,2025-11-30T14:07:32.512818
Duplex moderne à Centre-ville,186325,64,30000,Nîmes,json_import,2025-09-22T14:07:32.512818,Quartier_14,2025-11-30T14:07:32.512818
Appartement lumineux à Croix-Rousse,518376,81,69001,Lyon,csv_import,2025-11-30T14:07:32.512818,Quartier_15,2025-11-30T14:07:32.512818
T4 rénové à Centre,334364,71,38000,Grenoble,json_import,2025-09-26T14:07:32.512818,Quartier_16,2025-11-30T14:07:32.512818
T4 rénové à Faubourg North,245482,79,21000,Dijon,insee,2025-11-26T14:07:32.512818,Quartier_17,2025-11-30T14:07:32.512818
Villa rénové à Centre-ville,507188,144,13100,Aix-en-Provence,insee,2025-06-09T14:07:32.512818,Quartier_18,2025-11-30T14:07:32.512818
Duplex bien situé à Antigone,165978,39,34000,Montpellier,seloger,2025-11-17T14:07:32.512818,Quartier_19,2025-11-30T14:07:32.512818
T4 calme à Le Corbusier,115459,60,42000,Saint-Étienne,seloger,2025-07-22T14:07:32.512818,Quartier_20,2025-11-30T14:07:32.512818
T1 rénové à Pointe-Rouge,111519,29,13001,Marseille,csv_import,2025-07-20T14:07:32.512818,Quartier_21,2025-11-30T14:07:32.512818
T5+ moderne à Louvre,3545166,189,75001,Paris,json_import,2025-08-23T14:07:32.512818,Quartier_22,2025-11-30T14:07:32.512818
T2 moderne à Carmes,109461,36,31000,Toulouse,leboncoin,2025-07-06T14:07:32.512818,Quartier_23,2025-11-30T14:07:32.512818
Villa lumineux à Champratel,219376,107,63000,Clermont-Ferrand,seloger,2025-11-15T14:07:32.512818,Quartier_24,2025-11-30T14:07:32.512818
Villa rénové à Garrigues,383403,192,30000,Nîmes,json_import,2025-10-28T14:07:32.512818,Quartier_25,2025-11-30T14:07:32.512818
T4 rénové à Ecusson,274951,80,34000,Montpellier,json_import,2025-10-31T14:07:32.512818,Quartier_26,2025-11-30T14:07:32.512818
Studio calme à Saint-Germain,254654,24,75001,Paris,leboncoin,2025-08-01T14:07:32.512818,Quartier_27,2025-11-30T14:07:32.512818
Appartement rénové à Riquier,527567,79,06000,Nice,leboncoin,2025-11-10T14:07:32.512818,Quartier_28,2025-11-30T14:07:32.512818
Studio bien situé à Marais,145656,16,75001,Paris,insee,2025-06-24T14:07:32.512818,Quartier_29,2025-11-30T14:07:32.512818
T1 rénové à Bastide,160753,34,33000,Bordeaux,seloger,2025-07-01T14:07:32.512818,Quartier_30,2025-11-30T14:07:32.512818
Loft bien situé à Bouffay,91522,23,44000,Nantes,csv_import,2025-10-30T14:07:32.512818,Quartier_31,2025-11-30T14:07:32.512818
Studio moderne à Bouffay,141928,30,44000,Nantes,csv_import,2025-09-12T14:07:32.512818,Quartier_32,2025-11-30T14:07:32.512818
Duplex moderne à Paillon,213555,59,06000,Nice,leboncoin,2025-09-07T14:07:32.512818,Quartier_33,2025-11-30T14:07:32.512818
Maison bien situé à Lac de Maine,392701,176,49000,Angers,leboncoin,2025-07-05T14:07:32.512818,Quartier_34,2025-11-30T14:07:32.512818
T5+ moderne à Neustadt,500653,132,67000,Strasbourg,csv_import,2025-09-25T14:07:32.512818,Quartier_35,2025-11-30T14:07:32.512818
T4 lumineux à Vieux-Port,412639,85,13001,Marseille,csv_import,2025-08-05T14:07:32.512818,Quartier_36,2025-11-30T14:07:32.512818
Duplex moderne à Minimes,279684,62,31000,Toulouse,insee,2025-08-26T14:07:32.512818,Quartier_37,2025-11-30T14:07:32.512818
T1 lumineux à Centre,109609,27,21000,Dijon,seloger,2025-09-27T14:07:32.512818,Quartier_38,2025-11-30T14:07:32.512818
Villa bien situé à Écusson,540791,188,30000,Nîmes,insee,2025-06-13T14:07:32.512818,Quartier_39,2025-11-30T14:07:32.512818
Maison moderne à Marsannay,201787,90,21000,Dijon,insee,2025-06-15T14:07:32.512818,Quartier_40,2025-11-30T14:07:32.512818
Appartement bien situé à Pointe-Rouge,112720,30,13001,Marseille,json_import,2025-09-14T14:07:32.512818,Quartier_41,2025-11-30T14:07:32.512818
T2 bien situé à Bouffay,172878,46,44000,Nantes,insee,2025-07-18T14:07:32.512818,Quartier_42,2025-11-30T14:07:32.512818
Maison moderne à Garrigues,575901,179,30000,Nîmes,insee,2025-08-17T14:07:32.512818,Quartier_43,2025-11-30T14:07:32.512818
T2 moderne à Madeleine,231086,45,44000,Nantes,json_import,2025-07-05T14:07:32.512818,Quartier_44,2025-11-30T14:07:32.512818
Appartement calme à Lambézellec,213398,63,29200,Brest,csv_import,2025-06-28T14:07:32.512818,Quartier_45,2025-11-30T14:07:32.512818
Loft lumineux à Montmartre,464328,42,75001,Paris,csv_import,2025-09-21T14:07:32.512818,Quartier_46,2025-11-30T14:07:32.512818
Studio bien situé à Garrigues,56479,30,30000,Nîmes,insee,2025-08-21T14:07:32.512818,Quartier_47,2025-11-30T14:07:32.512818
T2 calme à Mistral,98630,36,38000,Grenoble,json_import,2025-11-24T14:07:32.512818,Quartier_48,2025-11-30T14:07:32.512818
Loft lumineux à Centre,233814,49,38000,Grenoble,json_import,2025-08-17T14:07:32.512818,Quartier_49,2025-11-30T14:07:32.512818
Maison moderne à Bastille,846555,188,38000,Grenoble,insee,2025-09-21T14:07:32.512818,Quartier_0,2025-11-30T14:07:32.512818
T4 calme à Neustadt,256237,83,67000,Strasbourg,insee,2025-11-24T14:07:32.512818,Quartier_1,2025-11-30T14:07:32.512818
T4 lumineux à Bouffay,224594,62,44000,Nantes,seloger,2025-11-08T14:07:32.512818,Quartier_2,2025-11-30T14:07:32.512818
Duplex lumineux à Cours Mirabeau,238061,72,13100,Aix-en-Provence,csv_import,2025-11-04T14:07:32.512818,Quartier_3,2025-11-30T14:07:32.512818
Duplex rénové à Centre-ville,419843,83,13100,Aix-en-Provence,insee,2025-06-03T14:07:32.512818,Quartier_4,2025-11-30T14:07:32.512818
Duplex rénové à Jardin Lecoq,166962,67,63000,Clermont-Ferrand,json_import,2025-07-14T14:07:32.512818,Quartier_5,2025-11-30T14:07:32.512818
Appartement bien situé à Panier,321613,98,13001,Marseille,csv_import,2025-11-03T14:07:32.512818,Quartier_6,2025-11-30T14:07:32.512818
Loft moderne à Part-Dieu,112374,26,69001,Lyon,insee,2025-10-23T14:07:32.512818,Quartier_7,2025-11-30T14:07:32.512818
Duplex moderne à Bastide,350433,89,33000,Bordeaux,insee,2025-09-15T14:07:32.512818,Quartier_8,2025-11-30T14:07:32.512818
T4 calme à Écusson,181783,64,30000,Nîmes,insee,2025-07-28T14:07:32.512818,Quartier_9,2025-11-30T14:07:32.512818
Duplex rénové à Centre,237926,82,63000,Clermont-Ferrand,csv_import,2025-10-24T14:07:32.512818,Quartier_10,2025-11-30T14:07:32.512818
Villa moderne à Garrigues,538599,186,30000,Nîmes,seloger,2025-09-28T14:07:32.512818,Quartier_11,2025-11-30T14:07:32.512818
Studio bien situé à Montmartre,348847,28,75001,Paris,insee,2025-07-03T14:07:32.512818,Quartier_12,2025-11-30T14:07:32.512818
Studio moderne à Centre,160979,30,67000,Strasbourg,json_import,2025-10-24T14:07:32.512818,Quartier_13,2025-11-30T14:07:32.512818
Studio rénové à Yzeure,40007,18,72000,Le Mans,csv_import,2025-11-17T14:07:32.512818,Quartier_14,2025-11-30T14:07:32.512818
Loft calme à Centre-ville,210192,47,13100,Aix-en-Provence,csv_import,2025-09-17T14:07:32.512818,Quartier_15,2025-11-30T14:07:32.512818
Appartement lumineux à Bastille,129558,31,38000,Grenoble,json_import,2025-10-16T14:07:32.512818,Quartier_16,2025-11-30T14:07:32.512818
T5+ rénové à Capitole,465807,142,31000,Toulouse,insee,2025-06-24T14:07:32.512818,Quartier_17,2025-11-30T14:07:32.512818
Studio lumineux à Vieux-Nice,100085,15,06000,Nice,csv_import,2025-08-05T14:07:32.512818,Quartier_18,2025-11-30T14:07:32.512818
Villa rénové à Champratel,181135,85,63000,Clermont-Ferrand,csv_import,2025-07-14T14:07:32.512818,Quartier_19,2025-11-30T14:07:32.512818
T5+ rénové à Trefilerie,488766,196,42000,Saint-Étienne,insee,2025-09-20T14:07:32.512818,Quartier_20,2025-11-30T14:07:32.512818
Villa lumineux à Capitole,538034,109,31000,Toulouse,csv_import,2025-06-03T14:07:32.512818,Quartier_21,2025-11-30T14:07:32.512818
Duplex calme à Écusson,125013,53,30000,Nîmes,csv_import,2025-11-23T14:07:32.512818,Quartier_22,2025-11-30T14:07:32.512818
Maison rénové à Ecusson,436539,149,34000,Montpellier,insee,2025-11-10T14:07:32.512818,Quartier_23,2025-11-30T14:07:32.512818
Villa bien situé à Dervallières,418662,111,44000,Nantes,csv_import,2025-10-09T14:07:32.512818,Quartier_24,2025-11-30T14:07:32.512818
T1 lumineux à Madeleine,99035,26,44000,Nantes,seloger,2025-07-03T14:07:32.512818,Quartier_25,2025-11-30T14:07:32.512818
T5+ bien situé à Capitole,447508,80,31000,Toulouse,insee,2025-09-08T14:07:32.512818,Quartier_26,2025-11-30T14:07:32.512818
Duplex lumineux à Esquermes,253624,95,59000,Lille,seloger,2025-11-09T14:07:32.512818,Quartier_27,2025-11-30T14:07:32.512818
T3 calme à Centre,157471,53,72000,Le Mans,csv_import,2025-09-19T14:07:32.512818,Quartier_28,2025-11-30T14:07:32.512818
Villa bien situé à Endoume,563364,136,13001,Marseille,csv_import,2025-09-25T14:07:32.512818,Quartier_29,2025-11-30T14:07:32.512818
Studio bien situé à Brazais,47095,17,35000,Rennes,seloger,2025-07-11T14:07:32.512818,Quartier_30,2025-11-30T14:07:32.512818
T1 bien situé à Krutenau,72076,15,67000,Strasbourg,json_import,2025-07-13T14:07:32.512818,Quartier_31,2025-11-30T14:07:32.512818
T3 moderne à Centre-ville,141599,47,30000,Nîmes,seloger,2025-10-18T14:07:32.512818,Quartier_32,2025-11-30T14:07:32.512818
Villa calme à Kerichen,313013,140,29200,Brest,insee,2025-10-06T14:07:32.512818,Quartier_33,2025-11-30T14:07:32.512818
T3 rénové à Centre,204736,54,72000,Le Mans,json_import,2025-10-01T14:07:32.512818,Quartier_34,2025-11-30T14:07:32.512818
T2 bien situé à Villeboeuf,79538,44,42000,Saint-Étienne,leboncoin,2025-10-25T14:07:32.512818,Quartier_35,2025-11-30T14:07:32.512818
Studio calme à Le Corbusier,40720,21,42000,Saint-Étienne,json_import,2025-11-29T14:07:32.512818,Quartier_36,2025-11-30T14:07:32.512818
Studio rénové à Champratel,44244,19,63000,Clermont-Ferrand,insee,2025-10-17T14:07:32.512818,Quartier_37,2025-11-30T14:07:32.512818
T3 calme à Celleneuve,229128,68,34000,Montpellier,seloger,2025-09-03T14:07:32.512818,Quartier_38,2025-11-30T14:07:32.512818
Maison bien situé à Brazais,487267,132,35000,Rennes,json_import,2025-11-24T14:07:32.512818,Quartier_39,2025-11-30T14:07:32.512818
Villa moderne à Krutenau,491136,170,67000,Strasbourg,leboncoin,2025-11-03T14:07:32.512818,Quartier_40,2025-11-30T14:07:32.512818
Villa rénové à Centre,515279,166,21000,Dijon,seloger,2025-06-19T14:07:32.512818,Quartier_41,2025-11-30T14:07:32.512818
Studio calme à Fourvière,111421,23,69001,Lyon,leboncoin,2025-06-17T14:07:32.512818,Quartier_42,2025-11-30T14:07:32.512818
Loft calme à Vieux-Nice,143058,27,06000,Nice,csv_import,2025-11-06T14:07:32.512818,Quartier_43,2025-11-30T14:07:32.512818
T4 calme à Ecusson,372462,90,34000,Montpellier,csv_import,2025-11-29T14:07:32.512818,Quartier_44,2025-11-30T14:07:32.512818
T4 bien situé à Libération,324859,70,06000,Nice,seloger,2025-08-04T14:07:32.512818,Quartier_45,2025-11-30T14:07:32.512818
T4 calme à Capitole,272825,86,31000,Toulouse,csv_import,2025-06-11T14:07:32.512818,Quartier_46,2025-11-30T14:07:32.512818
Studio moderne à Trefilerie,63234,35,42000,Saint-Étienne,insee,2025-11-05T14:07:32.512818,Quartier_47,2025-11-30T14:07:32.512818
T4 bien situé à Vieux-Port,465351,79,13001,Marseille,csv_import,2025-08-13T14:07:32.512818,Quartier_48,2025-11-30T14:07:32.512818
Villa lumineux à Presqu'île,1078295,168,69001,Lyon,seloger,2025-06-28T14:07:32.512818,Quartier_49,2025-11-30T14:07:32.512818
Studio lumineux à Villeboeuf,80397,30,42000,Saint-Étienne,seloger,2025-11-12T14:07:32.512818,Quartier_0,2025-11-30T14:07:32.512818
T2 moderne à Centre-ville,100552,35,29200,Brest,insee,2025-11-14T14:07:32.512818,Quartier_1,2025-11-30T14:07:32.512818
Studio bien situé à Fives,72841,23,59000,Lille,csv_import,2025-11-09T14:07:32.512818,Quartier_2,2025-11-30T14:07:32.512818
T2 rénové à Centre-ville,87760,39,29200,Brest,seloger,2025-10-14T14:07:32.512818,Quartier_3,2025-11-30T14:07:32.512818
Loft rénové à Jas de Bouffan,292458,72,13100,Aix-en-Provence,seloger,2025-08-14T14:07:32.512818,Quartier_4,2025-11-30T14:07:32.512818
Duplex lumineux à Centre,480114,99,67000,Strasbourg,seloger,2025-08-20T14:07:32.512818,Quartier_5,2025-11-30T14:07:32.512818
T3 moderne à Riquier,189755,50,06000,Nice,leboncoin,2025-11-07T14:07:32.512818,Quartier_6,2025-11-30T14:07:32.512818
Loft bien situé à Ecusson,288305,95,34000,Montpellier,csv_import,2025-06-09T14:07:32.512818,Quartier_7,2025-11-30T14:07:32.512818
T3 calme à Trefilerie,133817,63,42000,Saint-Étienne,csv_import,2025-07-30T14:07:32.512818,Quartier_8,2025-11-30T14:07:32.512818
T5+ bien situé à Jas de Bouffan,686956,172,13100,Aix-en-Provence,leboncoin,2025-09-18T14:07:32.512818,Quartier_9,2025-11-30T14:07:32.512818
Studio lumineux à Presqu'île,186452,29,69001,Lyon,insee,2025-09-15T14:07:32.512818,Quartier_10,2025-11-30T14:07:32.512818
Villa rénové à Part-Dieu,803146,159,69001,Lyon,seloger,2025-06-28T14:07:32.512818,Quartier_11,2025-11-30T14:07:32.512818
T2 lumineux à Kerichen,130981,44,29200,Brest,csv_import,2025-10-05T14:07:32.512818,Quartier_12,2025-11-30T14:07:32.512818
T5+ rénové à Trefilerie,269613,131,42000,Saint-Étienne,seloger,2025-09-20T14:07:32.512818,Quartier_13,2025-11-30T14:07:32.512818
T3 lumineux à Port Marianne,269077,67,34000,Montpellier,insee,2025-06-29T14:07:32.512818,Quartier_14,2025-11-30T14:07:32.512818
Studio bien situé à Centre-ville,131844,29,13100,Aix-en-Provence,json_import,2025-06-06T14:07:32.512818,Quartier_15,2025-11-30T14:07:32.512818
Appartement rénové à Centre,209717,45,67000,Strasbourg,seloger,2025-10-18T14:07:32.512818,Quartier_16,2025-11-30T14:07:32.512818
T3 bien situé à Part-Dieu,262070,51,69001,Lyon,leboncoin,2025-08-03T14:07:32.512818,Quartier_17,2025-11-30T14:07:32.512818
Duplex bien situé à Fourvière,462021,82,69001,Lyon,seloger,2025-11-18T14:07:32.512818,Quartier_18,2025-11-30T14:07:32.512818
Studio bien situé à Croix-Rousse,95366,23,69001,Lyon,seloger,2025-06-16T14:07:32.512818,Quartier_19,2025-11-30T14:07:32.512818
T1 moderne à Libération,142343,22,06000,Nice,seloger,2025-11-20T14:07:32.512818,Quartier_20,2025-11-30T14:07:32.512818
T4 lumineux à Saint-Laurent,286038,74,38000,Grenoble,json_import,2025-09-17T14:07:32.512818,Quartier_21,2025-11-30T14:07:32.512818
Maison bien situé à Jacobins,230617,108,72000,Le Mans,seloger,2025-06-11T14:07:32.512818,Quartier_22,2025-11-30T14:07:32.512818
T5+ lumineux à Centre-ville,402396,109,33000,Bordeaux,insee,2025-07-06T14:07:32.512818,Quartier_23,2025-11-30T14:07:32.512818
Appartement bien situé à Le Corbusier,118267,68,42000,Saint-Étienne,insee,2025-10-02T14:07:32.512818,Quartier_24,2025-11-30T14:07:32.512818
Studio lumineux à Valdegour,85839,33,30000,Nîmes,json_import,2025-07-12T14:07:32.512818,Quartier_25,2025-11-30T14:07:32.512818
Studio bien situé à Wazemmes,96743,32,59000,Lille,csv_import,2025-08-28T14:07:32.512818,Quartier_26,2025-11-30T14:07:32.512818
T5+ bien situé à Presqu'île,464085,118,69001,Lyon,insee,2025-06-05T14:07:32.512818,Quartier_27,2025-11-30T14:07:32.512818
Studio moderne à Croix-Rousse,150997,29,69001,Lyon,csv_import,2025-06-06T14:07:32.512818,Quartier_28,2025-11-30T14:07:32.512818
Duplex calme à Villeboeuf,167300,73,42000,Saint-Étienne,leboncoin,2025-09-09T14:07:32.512818,Quartier_29,2025-11-30T14:07:32.512818
Villa lumineux à Chartrons,407857,102,33000,Bordeaux,leboncoin,2025-09-26T14:07:32.512818,Quartier_30,2025-11-30T14:07:32.512818
Maison lumineux à Kerichen,272238,128,29200,Brest,json_import,2025-11-26T14:07:32.512818,Quartier_31,2025-11-30T14:07:32.512818
T3 calme à Saint-Germain,732942,64,75001,Paris,csv_import,2025-06-12T14:07:32.512818,Quartier_32,2025-11-30T14:07:32.512818
Appartement moderne à Jardin Lecoq,140681,56,63000,Clermont-Ferrand,insee,2025-09-21T14:07:32.512818,Quartier_33,2025-11-30T14:07:32.512818
Duplex moderne à Roseraie,111903,51,49000,Angers,csv_import,2025-08-01T14:07:32.512818,Quartier_34,2025-11-30T14:07:32.512818
T1 moderne à Mistral,79609,30,38000,Grenoble,csv_import,2025-10-09T14:07:32.512818,Quartier_35,2025-11-30T14:07:32.512818
Duplex rénové à Bastille,105377,29,38000,Grenoble,insee,2025-11-12T14:07:32.512818,Quartier_36,2025-11-30T14:07:32.512818
T5+ bien situé à Carmes,529866,122,31000,Toulouse,leboncoin,2025-10-13T14:07:32.512818,Quartier_37,2025-11-30T14:07:32.512818
T1 rénové à Port Marianne,158353,35,34000,Montpellier,csv_import,2025-09-17T14:07:32.512818,Quartier_38,2025-11-30T14:07:32.512818
T2 bien situé à Villejean,118993,35,35000,Rennes,json_import,2025-09-02T14:07:32.512818,Quartier_39,2025-11-30T14:07:32.512818
Villa rénové à Bastide,713667,169,33000,Bordeaux,json_import,2025-08-10T14:07:32.512818,Quartier_40,2025-11-30T14:07:32.512818
Loft bien situé à Grie,67461,25,72000,Le Mans,insee,2025-07-15T14:07:32.512818,Quartier_41,2025-11-30T14:07:32.512818
T5+ lumineux à Panier,364964,119,13001,Marseille,leboncoin,2025-08-24T14:07:32.512818,Quartier_42,2025-11-30T14:07:32.512818
T2 moderne à Fourvière,164096,35,69001,Lyon,seloger,2025-11-13T14:07:32.512818,Quartier_43,2025-11-30T14:07:32.512818
Loft lumineux à Bastide,131004,32,33000,Bordeaux,insee,2025-08-08T14:07:32.512818,Quartier_44,2025-11-30T14:07:32.512818
Appartement calme à Centre,225333,66,72000,Le Mans,seloger,2025-08-14T14:07:32.512818,Quartier_45,2025-11-30T14:07:32.512818
T3 bien situé à Wazemmes,206045,68,59000,Lille,csv_import,2025-08-21T14:07:32.512818,Quartier_46,2025-11-30T14:07:32.512818
T5+ calme à Marais,1813494,189,75001,Paris,insee,2025-08-18T14:07:32.512818,Quartier_47,2025-11-30T14:07:32.512818
T4 bien situé à Centre,335074,67,38000,Grenoble,leboncoin,2025-07-24T14:07:32.512818,Quartier_48,2025-11-30T14:07:32.512818
Appartement moderne à Graslin,94044,21,44000,Nantes,csv_import,2025-10-04T14:07:32.512818,Quartier_49,2025-11-30T14:07:32.512818
T5+ lumineux à Krutenau,682536,193,67000,Strasbourg,insee,2025-06-11T14:07:32.512818,Quartier_0,2025-11-30T14:07:32.512818
T1 moderne à Le Corbusier,59184,25,42000,Saint-Étienne,leboncoin,2025-09-18T14:07:32.512818,Quartier_1,2025-11-30T14:07:32.512818
T2 moderne à Louvre,450558,41,75001,Paris,insee,2025-11-21T14:07:32.512818,Quartier_2,2025-11-30T14:07:32.512818
Maison calme à Jardin Lecoq,256549,148,63000,Clermont-Ferrand,leboncoin,2025-11-13T14:07:32.512818,Quartier_3,2025-11-30T14:07:32.512818
Duplex rénové à Saint-Michel,170468,57,33000,Bordeaux,json_import,2025-07-04T14:07:32.512818,Quartier_4,2025-11-30T14:07:32.512818
Villa moderne à Jas de Bouffan,544033,98,13100,Aix-en-Provence,leboncoin,2025-10-10T14:07:32.512818,Quartier_5,2025-11-30T14:07:32.512818
T1 bien situé à Saint-Michel,158009,35,33000,Bordeaux,leboncoin,2025-06-29T14:07:32.512818,Quartier_6,2025-11-30T14:07:32.512818
Appartement lumineux à Villejean,147848,34,35000,Rennes,json_import,2025-07-24T14:07:32.512818,Quartier_7,2025-11-30T14:07:32.512818
T5+ rénové à Panier,641871,154,13001,Marseille,seloger,2025-07-30T14:07:32.512818,Quartier_8,2025-11-30T14:07:32.512818
T1 calme à Part-Dieu,80874,17,69001,Lyon,csv_import,2025-07-31T14:07:32.512818,Quartier_9,2025-11-30T14:07:32.512818
Maison calme à Cleunay,609081,172,35000,Rennes,csv_import,2025-08-11T14:07:32.512818,Quartier_10,2025-11-30T14:07:32.512818
T2 moderne à Kerichen,65510,33,29200,Brest,json_import,2025-09-19T14:07:32.512818,Quartier_11,2025-11-30T14:07:32.512818
Maison bien situé à Bastille,722894,200,38000,Grenoble,leboncoin,2025-10-01T14:07:32.512818,Quartier_12,2025-11-30T14:07:32.512818
Maison calme à Carmes,439087,98,31000,Toulouse,seloger,2025-07-02T14:07:32.512818,Quartier_13,2025-11-30T14:07:32.512818
Villa rénové à Lambézellec,441512,159,29200,Brest,json_import,2025-08-01T14:07:32.512818,Quartier_14,2025-11-30T14:07:32.512818
T4 moderne à Valdegour,156669,66,30000,Nîmes,json_import,2025-08-30T14:07:32.512818,Quartier_15,2025-11-30T14:07:32.512818
T3 bien situé à Antigone,252872,58,34000,Montpellier,csv_import,2025-07-26T14:07:32.512818,Quartier_16,2025-11-30T14:07:32.512818
Studio rénové à Port Marianne,113334,24,34000,Montpellier,json_import,2025-08-21T14:07:32.512818,Quartier_17,2025-11-30T14:07:32.512818
Maison moderne à Carmes,352059,141,31000,Toulouse,seloger,2025-11-04T14:07:32.512818,Quartier_18,2025-11-30T14:07:32.512818
Loft lumineux à Centre,235381,68,38000,Grenoble,seloger,2025-06-23T14:07:32.512818,Quartier_19,2025-11-30T14:07:32.512818
Loft lumineux à Jas de Bouffan,299799,67,13100,Aix-en-Provence,insee,2025-07-24T14:07:32.512818,Quartier_20,2025-11-30T14:07:32.512818
Appartement lumineux à Centre-ville,87035,23,13100,Aix-en-Provence,seloger,2025-06-16T14:07:32.512818,Quartier_21,2025-11-30T14:07:32.512818
T1 moderne à Centre,70032,23,49000,Angers,json_import,2025-11-26T14:07:32.512818,Quartier_22,2025-11-30T14:07:32.512818
T1 calme à Yzeure,85317,34,72000,Le Mans,insee,2025-10-07T14:07:32.512818,Quartier_23,2025-11-30T14:07:32.512818
Villa lumineux à Jacobins,229062,82,72000,Le Mans,leboncoin,2025-11-24T14:07:32.512818,Quartier_24,2025-11-30T14:07:32.512818
T3 rénové à Kerichen,237107,63,29200,Brest,json_import,2025-11-08T14:07:32.512818,Quartier_25,2025-11-30T14:07:32.512818
Loft calme à Champratel,49007,24,63000,Clermont-Ferrand,json_import,2025-11-13T14:07:32.512818,Quartier_26,2025-11-30T14:07:32.512818
Duplex moderne à Esquermes,211599,61,59000,Lille,insee,2025-08-20T14:07:32.512818,Quartier_27,2025-11-30T14:07:32.512818
T4 lumineux à Bastille,220688,64,38000,Grenoble,leboncoin,2025-09-17T14:07:32.512818,Quartier_28,2025-11-30T14:07:32.512818
T5+ calme à Esquermes,400426,125,59000,Lille,leboncoin,2025-11-21T14:07:32.512818,Quartier_29,2025-11-30T14:07:32.512818
Duplex moderne à Bastide,317415,70,33000,Bordeaux,insee,2025-09-09T14:07:32.512818,Quartier_30,2025-11-30T14:07:32.512818
T5+ moderne à Centre,316327,92,42000,Saint-Étienne,seloger,2025-06-12T14:07:32.512818,Quartier_31,2025-11-30T14:07:32.512818
Maison calme à Centre,737388,162,67000,Strasbourg,seloger,2025-08-04T14:07:32.512818,Quartier_32,2025-11-30T14:07:32.512818
Maison moderne à Belle-Beille,446031,146,49000,Angers,leboncoin,2025-11-19T14:07:32.512818,Quartier_33,2025-11-30T14:07:32.512818
Maison bien situé à Mistral,750293,173,38000,Grenoble,csv_import,2025-09-28T14:07:32.512818,Quartier_34,2025-11-30T14:07:32.512818
T1 rénové à Montmartre,301215,26,75001,Paris,insee,2025-10-28T14:07:32.512818,Quartier_35,2025-11-30T14:07:32.512818
T2 calme à Saint-Michel,251584,50,33000,Bordeaux,json_import,2025-10-24T14:07:32.512818,Quartier_36,2025-11-30T14:07:32.512818
Appartement rénové à Centre,356339,76,21000,Dijon,json_import,2025-08-19T14:07:32.512818,Quartier_37,2025-11-30T14:07:32.512818
T5+ rénové à Presqu'île,1019736,168,69001,Lyon,leboncoin,2025-11-10T14:07:32.512818,Quartier_38,2025-11-30T14:07:32.512818
T1 moderne à Louvre,434035,24,75001,Paris,json_import,2025-06-04T14:07:32.512818,Quartier_39,2025-11-30T14:07:32.512818
Appartement rénové à Krutenau,94516,30,67000,Strasbourg,csv_import,2025-10-20T14:07:32.512818,Quartier_40,2025-11-30T14:07:32.512818
T4 rénové à Panier,250203,72,13001,Marseille,insee,2025-10-26T14:07:32.512818,Quartier_41,2025-11-30T14:07:32.512818
Villa bien situé à Centre,645216,151,35000,Rennes,leboncoin,2025-10-09T14:07:32.512818,Quartier_42,2025-11-30T14:07:32.512818
Appartement moderne à Saint-Cyprien,302092,86,31000,Toulouse,seloger,2025-10-10T14:07:32.512818,Quartier_43,2025-11-30T14:07:32.512818
T4 lumineux à Champratel,162630,83,63000,Clermont-Ferrand,csv_import,2025-08-01T14:07:32.512818,Quartier_44,2025-11-30T14:07:32.512818
T1 lumineux à Lac de Maine,73567,30,49000,Angers,seloger,2025-10-28T14:07:32.512818,Quartier_45,2025-11-30T14:07:32.512818
T2 lumineux à Vieux-Lille,145008,35,59000,Lille,csv_import,2025-06-26T14:07:32.512818,Quartier_46,2025-11-30T14:07:32.512818
Loft rénové à Centre,195099,45,38000,Grenoble,leboncoin,2025-10-17T14:07:32.512818,Quartier_47,2025-11-30T14:07:32.512818
T1 bien situé à Lac de Maine,67960,26,49000,Angers,seloger,2025-10-26T14:07:32.512818,Quartier_48,2025-11-30T14:07:32.512818
Duplex bien situé à Saint-Michel,433611,76,33000,Bordeaux,csv_import,2025-10-03T14:07:32.512818,Quartier_49,2025-11-30T14:07:32.512818
Appartement moderne à Faubourg North,308110,100,21000,Dijon,csv_import,2025-08-19T14:07:32.512818,Quartier_0,2025-11-30T14:07:32.512818
Appartement calme à Saint-Michel,517396,91,33000,Bordeaux,json_import,2025-11-14T14:07:32.512818,Quartier_1,2025-11-30T14:07:32.512818
Appartement calme à Centre,78771,28,42000,Saint-Étienne,seloger,2025-11-19T14:07:32.512818,Quartier_2,2025-11-30T14:07:32.512818
Duplex moderne à Valdegour,87398,34,30000,Nîmes,insee,2025-10-09T14:07:32.512818,Quartier_3,2025-11-30T14:07:32.512818
T5+ calme à Puyricard,788166,182,13100,Aix-en-Provence,json_import,2025-07-21T14:07:32.512818,Quartier_4,2025-11-30T14:07:32.512818
Maison calme à Villeboeuf,263982,99,42000,Saint-Étienne,json_import,2025-06-12T14:07:32.512818,Quartier_5,2025-11-30T14:07:32.512818
T4 rénové à Villejean,350536,89,35000,Rennes,csv_import,2025-07-12T14:07:32.512818,Quartier_6,2025-11-30T14:07:32.512818
Appartement calme à Jardin Lecoq,138555,78,63000,Clermont-Ferrand,json_import,2025-10-02T14:07:32.512818,Quartier_7,2025-11-30T14:07:32.512818
Loft moderne à Villejean,115452,35,35000,Rennes,seloger,2025-07-10T14:07:32.512818,Quartier_8,2025-11-30T14:07:32.512818
T3 lumineux à Saint-Cyprien,239574,58,31000,Toulouse,insee,2025-08-26T14:07:32.512818,Quartier_9,2025-11-30T14:07:32.512818
Villa lumineux à Presqu'île,1105748,164,69001,Lyon,leboncoin,2025-11-27T14:07:32.512818,Quartier_10,2025-11-30T14:07:32.512818
Maison bien situé à Dervallières,637338,196,44000,Nantes,seloger,2025-10-09T14:07:32.512818,Quartier_11,2025-11-30T14:07:32.512818
Duplex calme à Valdegour,160872,50,30000,Nîmes,leboncoin,2025-08-15T14:07:32.512818,Quartier_12,2025-11-30T14:07:32.512818
Loft calme à Champratel,50094,33,63000,Clermont-Ferrand,leboncoin,2025-06-30T14:07:32.512818,Quartier_13,2025-11-30T14:07:32.512818
Appartement rénové à Mistral,171645,63,38000,Grenoble,csv_import,2025-10-13T14:07:32.512818,Quartier_14,2025-11-30T14:07:32.512818
T3 rénové à Louvre,1142354,67,75001,Paris,leboncoin,2025-11-12T14:07:32.512818,Quartier_15,2025-11-30T14:07:32.512818
T5+ calme à Centre-ville,648064,185,33000,Bordeaux,csv_import,2025-06-21T14:07:32.512818,Quartier_16,2025-11-30T14:07:32.512818
T5+ rénové à Krutenau,353498,99,67000,Strasbourg,csv_import,2025-07-05T14:07:32.512818,Quartier_17,2025-11-30T14:07:32.512818
T4 moderne à Minimes,159612,63,31000,Toulouse,insee,2025-10-20T14:07:32.512818,Quartier_18,2025-11-30T14:07:32.512818
T2 lumineux à Brazais,109957,46,35000,Rennes,insee,2025-11-15T14:07:32.512818,Quartier_19,2025-11-30T14:07:32.512818
T3 rénové à Wazemmes,241255,65,59000,Lille,insee,2025-09-09T14:07:32.512818,Quartier_20,2025-11-30T14:07:32.512818
Loft rénové à Carmes,66208,22,31000,Toulouse,insee,2025-10-24T14:07:32.512818,Quartier_21,2025-11-30T14:07:32.512818
Studio rénové à Centre-ville,113534,33,29200,Brest,insee,2025-10-01T14:07:32.512818,Quartier_22,2025-11-30T14:07:32.512818
T4 calme à Carmes,216655,66,31000,Toulouse,insee,2025-07-02T14:07:32.512818,Quartier_23,2025-11-30T14:07:32.512818
Studio bien situé à Marais,286320,29,75001,Paris,json_import,2025-11-28T14:07:32.512818,Quartier_24,2025-11-30T14:07:32.512818
Appartement lumineux à Louvre,432939,38,75001,Paris,json_import,2025-08-25T14:07:32.512818,Quartier_25,2025-11-30T14:07:32.512818
T5+ lumineux à Champratel,344532,170,63000,Clermont-Ferrand,leboncoin,2025-10-12T14:07:32.512818,Quartier_26,2025-11-30T14:07:32.512818
T1 lumineux à Centre,59945,21,63000,Clermont-Ferrand,json_import,2025-06-30T14:07:32.512818,Quartier_27,2025-11-30T14:07:32.512818
T5+ calme à Roseraie,368886,188,49000,Angers,csv_import,2025-06-04T14:07:32.512818,Quartier_28,2025-11-30T14:07:32.512818
Studio lumineux à Bastide,100635,16,33000,Bordeaux,leboncoin,2025-06-28T14:07:32.512818,Quartier_29,2025-11-30T14:07:32.512818
Maison moderne à Villejean,261074,90,35000,Rennes,json_import,2025-08-21T14:07:32.512818,Quartier_30,2025-11-30T14:07:32.512818
Villa rénové à Mistral,307095,82,38000,Grenoble,leboncoin,2025-11-06T14:07:32.512818,Quartier_31,2025-11-30T14:07:32.512818
T1 moderne à Vieux-Port,95350,24,13001,Marseille,insee,2025-09-28T14:07:32.512818,Quartier_32,2025-11-30T14:07:32.512818
Villa lumineux à Vieux-Nice,634731,110,06000,Nice,csv_import,2025-07-11T14:07:32.512818,Quartier_33,2025-11-30T14:07:32.512818
Studio rénové à Valdegour,68354,29,30000,Nîmes,leboncoin,2025-10-31T14:07:32.512818,Quartier_34,2025-11-30T14:07:32.512818
Studio lumineux à Villeboeuf,80908,34,42000,Saint-Étienne,csv_import,2025-06-21T14:07:32.512818,Quartier_35,2025-11-30T14:07:32.512818
T2 moderne à Krutenau,147606,46,67000,Strasbourg,json_import,2025-11-05T14:07:32.512818,Quartier_36,2025-11-30T14:07:32.512818
Studio bien situé à Roseraie,71691,24,49000,Angers,csv_import,2025-06-19T14:07:32.512818,Quartier_37,2025-11-30T14:07:32.512818
Duplex bien situé à Presqu'île,432627,93,69001,Lyon,insee,2025-10-06T14:07:32.512818,Quartier_38,2025-11-30T14:07:32.512818
T1 calme à Centre-ville,183620,26,33000,Bordeaux,csv_import,2025-09-11T14:07:32.512818,Quartier_39,2025-11-30T14:07:32.512818
T1 moderne à Celleneuve,67191,17,34000,Montpellier,csv_import,2025-10-27T14:07:32.512818,Quartier_40,2025-11-30T14:07:32.512818
Villa moderne à Esquermes,288571,102,59000,Lille,insee,2025-11-28T14:07:32.512818,Quartier_41,2025-11-30T14:07:32.512818
Studio rénové à Trefilerie,26561,17,42000,Saint-Étienne,seloger,2025-06-21T14:07:32.512818,Quartier_42,2025-11-30T14:07:32.512818
Villa calme à Montchapet,740484,199,21000,Dijon,insee,2025-09-16T14:07:32.512818,Quartier_43,2025-11-30T14:07:32.512818
T5+ calme à Carmes,375574,115,31000,Toulouse,csv_import,2025-10-13T14:07:32.512818,Quartier_44,2025-11-30T14:07:32.512818
T3 lumineux à Mistral,156378,59,38000,Grenoble,csv_import,2025-06-26T14:07:32.512818,Quartier_45,2025-11-30T14:07:32.512818
Appartement rénové à Endoume,137376,39,13001,Marseille,json_import,2025-11-18T14:07:32.512818,Quartier_46,2025-11-30T14:07:32.512818
Maison calme à Le Corbusier,165451,88,42000,Saint-Étienne,csv_import,2025-11-18T14:07:32.512818,Quartier_47,2025-11-30T14:07:32.512818
T5+ rénové à Presqu'île,848932,194,69001,Lyon,seloger,2025-08-31T14:07:32.512818,Quartier_48,2025-11-30T14:07:32.512818
Appartement lumineux à Minimes,283876,83,31000,Toulouse,seloger,2025-06-26T14:07:32.512818,Quartier_49,2025-11-30T14:07:32.512818
Studio calme à Pointe-Rouge,70635,15,13001,Marseille,csv_import,2025-07-14T14:07:32.512818,Quartier_0,2025-11-30T14:07:32.512818
Loft moderne à Saint-Germain,1669889,93,75001,Paris,leboncoin,2025-10-14T14:07:32.512818,Quartier_1,2025-11-30T14:07:32.512818
T4 calme à Montchapet,200121,66,21000,Dijon,json_import,2025-09-06T14:07:32.512818,Quartier_2,2025-11-30T14:07:32.512818
Maison bien situé à Presqu'île,735000,129,69001,Lyon,csv_import,2025-08-03T14:07:32.512818,Quartier_3,2025-11-30T14:07:32.512818
T4 bien situé à Part-Dieu,557235,78,69001,Lyon,json_import,2025-11-19T14:07:32.512818,Quartier_4,2025-11-30T14:07:32.512818
T1 bien situé à Mistral,50881,15,38000,Grenoble,leboncoin,2025-11-29T14:07:32.512818,Quartier_5,2025-11-30T14:07:32.512818
Appartement lumineux à Fourvière,234203,66,69001,Lyon,leboncoin,2025-08-18T14:07:32.512818,Quartier_6,2025-11-30T14:07:32.512818
Villa rénové à Fourvière,541817,102,69001,Lyon,leboncoin,2025-06-04T14:07:32.512818,Quartier_7,2025-11-30T14:07:32.512818
Studio moderne à Puyricard,81743,15,13100,Aix-en-Provence,insee,2025-09-23T14:07:32.512818,Quartier_8,2025-11-30T14:07:32.512818
Appartement bien situé à Jardin Lecoq,251810,97,63000,Clermont-Ferrand,csv_import,2025-06-29T14:07:32.512818,Quartier_9,2025-11-30T14:07:32.512818
T4 calme à Champratel,161394,69,63000,Clermont-Ferrand,seloger,2025-08-29T14:07:32.512818,Quartier_10,2025-11-30T14:07:32.512818
Loft lumineux à Paillon,216184,55,06000,Nice,seloger,2025-08-31T14:07:32.512818,Quartier_11,2025-11-30T14:07:32.512818
T4 bien situé à Bouffay,214634,70,44000,Nantes,csv_import,2025-11-22T14:07:32.512818,Quartier_12,2025-11-30T14:07:32.512818
Maison rénové à Fourvière,743933,120,69001,Lyon,seloger,2025-08-23T14:07:32.512818,Quartier_13,2025-11-30T14:07:32.512818
T5+ lumineux à Fourvière,614531,108,69001,Lyon,leboncoin,2025-06-18T14:07:32.512818,Quartier_14,2025-11-30T14:07:32.512818
Duplex calme à Saint-Michel,390382,72,33000,Bordeaux,insee,2025-09-18T14:07:32.512818,Quartier_15,2025-11-30T14:07:32.512818
Maison rénové à Cleunay,534714,137,35000,Rennes,leboncoin,2025-06-14T14:07:32.512818,Quartier_16,2025-11-30T14:07:32.512818
T2 bien situé à Roseraie,88951,40,49000,Angers,leboncoin,2025-11-01T14:07:32.512818,Quartier_17,2025-11-30T14:07:32.512818
T5+ rénové à Villeboeuf,429889,198,42000,Saint-Étienne,seloger,2025-09-16T14:07:32.512818,Quartier_18,2025-11-30T14:07:32.512818
Appartement rénové à Croix-Rousse,335408,75,69001,Lyon,seloger,2025-11-02T14:07:32.512818,Quartier_19,2025-11-30T14:07:32.512818
Appartement moderne à Yzeure,192794,76,72000,Le Mans,csv_import,2025-06-03T14:07:32.512818,Quartier_20,2025-11-30T14:07:32.512818
Loft calme à Minimes,206590,51,31000,Toulouse,json_import,2025-06-12T14:07:32.512818,Quartier_21,2025-11-30T14:07:32.512818
T1 calme à Roseraie,51517,24,49000,Angers,json_import,2025-10-08T14:07:32.512818,Quartier_22,2025-11-30T14:07:32.512818
Villa calme à Le Corbusier,516285,196,42000,Saint-Étienne,insee,2025-10-19T14:07:32.512818,Quartier_23,2025-11-30T14:07:32.512818
Villa rénové à Écusson,276536,149,30000,Nîmes,csv_import,2025-10-26T14:07:32.512818,Quartier_24,2025-11-30T14:07:32.512818
Maison rénové à Panier,530182,148,13001,Marseille,seloger,2025-11-07T14:07:32.512818,Quartier_25,2025-11-30T14:07:32.512818
T5+ moderne à Saint-Marc,545462,190,29200,Brest,seloger,2025-06-10T14:07:32.512818,Quartier_26,2025-11-30T14:07:32.512818
Maison lumineux à Saint-Michel,472076,123,33000,Bordeaux,seloger,2025-10-07T14:07:32.512818,Quartier_27,2025-11-30T14:07:32.512818
Maison lumineux à Montchapet,504960,155,21000,Dijon,json_import,2025-09-29T14:07:32.512818,Quartier_28,2025-11-30T14:07:32.512818
Studio moderne à Garrigues,63275,29,30000,Nîmes,json_import,2025-07-22T14:07:32.512818,Quartier_29,2025-11-30T14:07:32.512818
Maison moderne à Saint-Cyprien,479550,177,31000,Toulouse,csv_import,2025-10-05T14:07:32.512818,Quartier_30,2025-11-30T14:07:32.512818
T2 bien situé à Villejean,106879,41,35000,Rennes,insee,2025-06-03T14:07:32.512818,Quartier_31,2025-11-30T14:07:32.512818
T1 rénové à Montmartre,259993,26,75001,Paris,insee,2025-07-25T14:07:32.512818,Quartier_32,2025-11-30T14:07:32.512818
T3 calme à Centre,246464,65,67000,Strasbourg,insee,2025-10-21T14:07:32.512818,Quartier_33,2025-11-30T14:07:32.512818
Loft bien situé à Madeleine,291971,94,44000,Nantes,seloger,2025-10-30T14:07:32.512818,Quartier_34,2025-11-30T14:07:32.512818
Loft bien situé à Fives,258507,90,59000,Lille,insee,2025-09-05T14:07:32.512818,Quartier_35,2025-11-30T14:07:32.512818
Duplex moderne à Part-Dieu,165070,28,69001,Lyon,csv_import,2025-08-06T14:07:32.512818,Quartier_36,2025-11-30T14:07:32.512818
T1 lumineux à Presqu'île,85200,19,69001,Lyon,seloger,2025-09-22T14:07:32.512818,Quartier_37,2025-11-30T14:07:32.512818
Loft moderne à Villejean,206321,73,35000,Rennes,insee,2025-10-07T14:07:32.512818,Quartier_38,2025-11-30T14:07:32.512818
Maison lumineux à Centre-ville,497643,188,30000,Nîmes,json_import,2025-11-10T14:07:32.512818,Quartier_39,2025-11-30T14:07:32.512818
Maison moderne à Neustadt,802634,190,67000,Strasbourg,insee,2025-10-05T14:07:32.512818,Quartier_40,2025-11-30T14:07:32.512818
Studio bien situé à Garrigues,48749,16,30000,Nîmes,json_import,2025-06-18T14:07:32.512818,Quartier_41,2025-11-30T14:07:32.512818
Duplex rénové à Presqu'île,342490,96,69001,Lyon,insee,2025-06-03T14:07:32.512818,Quartier_42,2025-11-30T14:07:32.512818
T3 rénové à Presqu'île,218957,54,69001,Lyon,insee,2025-06-15T14:07:32.512818,Quartier_43,2025-11-30T14:07:32.512818
T4 bien situé à Bastille,291417,82,38000,Grenoble,seloger,2025-07-29T14:07:32.512818,Quartier_44,2025-11-30T14:07:32.512818
T2 rénové à Libération,133740,31,06000,Nice,seloger,2025-06-13T14:07:32.512818,Quartier_45,2025-11-30T14:07:32.512818
T5+ calme à Centre,368603,130,63000,Clermont-Ferrand,insee,2025-09-05T14:07:32.512818,Quartier_46,2025-11-30T14:07:32.512818
Appartement rénové à Orangerie,87953,28,67000,Strasbourg,json_import,2025-10-14T14:07:32.512818,Quartier_47,2025-11-30T14:07:32.512818
Maison bien situé à Centre,423716,161,63000,Clermont-Ferrand,json_import,2025-11-20T14:07:32.512818,Quartier_48,2025-11-30T14:07:32.512818
T3 calme à Orangerie,222282,64,67000,Strasbourg,insee,2025-11-14T14:07:32.512818,Quartier_49,2025-11-30T14:07:32.512818
Loft bien situé à Puyricard,182173,47,13100,Aix-en-Provence,csv_import,2025-06-12T14:07:32.512818,Quartier_0,2025-11-30T14:07:32.512818
Studio lumineux à Celleneuve,162313,33,34000,Montpellier,insee,2025-11-02T14:07:32.512818,Quartier_1,2025-11-30T14:07:32.512818
T3 moderne à Jardin Lecoq,100693,50,63000,Clermont-Ferrand,leboncoin,2025-08-15T14:07:32.512818,Quartier_2,2025-11-30T14:07:32.512818
T3 moderne à Roseraie,151007,55,49000,Angers,json_import,2025-08-19T14:07:32.512818,Quartier_3,2025-11-30T14:07:32.512818
Studio calme à Endoume,49199,15,13001,Marseille,seloger,2025-08-26T14:07:32.512818,Quartier_4,2025-11-30T14:07:32.512818
T1 lumineux à Roseraie,79576,26,49000,Angers,leboncoin,2025-07-05T14:07:32.512818,Quartier_5,2025-11-30T14:07:32.512818
Loft rénové à Louvre,908480,57,75001,Paris,leboncoin,2025-09-07T14:07:32.512818,Quartier_6,2025-11-30T14:07:32.512818
T2 bien situé à Carmes,143991,42,31000,Toulouse,csv_import,2025-09-20T14:07:32.512818,Quartier_7,2025-11-30T14:07:32.512818
T3 rénové à Port Marianne,261392,69,34000,Montpellier,csv_import,2025-06-21T14:07:32.512818,Quartier_8,2025-11-30T14:07:32.512818
T3 lumineux à Belle-Beille,166741,57,49000,Angers,json_import,2025-10-14T14:07:32.512818,Quartier_9,2025-11-30T14:07:32.512818
Studio rénové à Centre,149159,35,35000,Rennes,json_import,2025-08-05T14:07:32.512818,Quartier_10,2025-11-30T14:07:32.512818
Appartement lumineux à Écusson,55062,22,30000,Nîmes,leboncoin,2025-08-29T14:07:32.512818,Quartier_11,2025-11-30T14:07:32.512818
Maison rénové à Centre,645643,163,21000,Dijon,insee,2025-08-10T14:07:32.512818,Quartier_12,2025-11-30T14:07:32.512818
Villa moderne à Le Corbusier,329731,180,42000,Saint-Étienne,json_import,2025-07-14T14:07:32.512818,Quartier_13,2025-11-30T14:07:32.512818
Maison bien situé à Champratel,278728,128,63000,Clermont-Ferrand,leboncoin,2025-10-02T14:07:32.512818,Quartier_14,2025-11-30T14:07:32.512818
T2 rénové à Centre,107317,37,42000,Saint-Étienne,seloger,2025-07-05T14:07:32.512818,Quartier_15,2025-11-30T14:07:32.512818
T2 calme à Villejean,100147,34,35000,Rennes,seloger,2025-07-17T14:07:32.512818,Quartier_16,2025-11-30T14:07:32.512818
Loft bien situé à Vieux-Lille,242646,89,59000,Lille,leboncoin,2025-09-24T14:07:32.512818,Quartier_17,2025-11-30T14:07:32.512818
T3 moderne à Antigone,179554,51,34000,Montpellier,csv_import,2025-11-20T14:07:32.512818,Quartier_18,2025-11-30T14:07:32.512818
Duplex lumineux à Fives,241492,77,59000,Lille,leboncoin,2025-08-10T14:07:32.512818,Quartier_19,2025-11-30T14:07:32.512818
T1 moderne à Dervallières,145340,34,44000,Nantes,leboncoin,2025-10-26T14:07:32.512818,Quartier_20,2025-11-30T14:07:32.512818
Duplex rénové à Centre,422726,91,35000,Rennes,seloger,2025-07-22T14:07:32.512818,Quartier_21,2025-11-30T14:07:32.512818
Villa lumineux à Vieux-Port,619542,149,13001,Marseille,json_import,2025-07-11T14:07:32.512818,Quartier_22,2025-11-30T14:07:32.512818
T3 calme à Paillon,259440,69,06000,Nice,csv_import,2025-10-25T14:07:32.512818,Quartier_23,2025-11-30T14:07:32.512818
Studio moderne à Saint-Laurent,150022,34,38000,Grenoble,leboncoin,2025-07-17T14:07:32.512818,Quartier_24,2025-11-30T14:07:32.512818
Loft moderne à Centre,412162,95,35000,Rennes,seloger,2025-10-20T14:07:32.512818,Quartier_25,2025-11-30T14:07:32.512818
Villa moderne à Capitole,1182362,198,31000,Toulouse,csv_import,2025-07-09T14:07:32.512818,Quartier_26,2025-11-30T14:07:32.512818
Studio rénové à Saint-Michel,105754,19,33000,Bordeaux,seloger,2025-08-19T14:07:32.512818,Quartier_27,2025-11-30T14:07:32.512818
Appartement moderne à Champratel,196881,98,63000,Clermont-Ferrand,csv_import,2025-10-17T14:07:32.512818,Quartier_28,2025-11-30T14:07:32.512818
Appartement bien situé à Centre-ville,438219,94,13100,Aix-en-Provence,leboncoin,2025-08-11T14:07:32.512818,Quartier_29,2025-11-30T14:07:32.512818
Maison moderne à Louvre,1446635,127,75001,Paris,json_import,2025-06-21T14:07:32.512818,Quartier_30,2025-11-30T14:07:32.512818
T1 moderne à Jacobins,45175,23,72000,Le Mans,insee,2025-06-24T14:07:32.512818,Quartier_31,2025-11-30T14:07:32.512818
T5+ moderne à Centre,466737,112,35000,Rennes,json_import,2025-09-21T14:07:32.512818,Quartier_32,2025-11-30T14:07:32.512818
T2 moderne à Jacobins,72688,36,72000,Le Mans,leboncoin,2025-07-28T14:07:32.512818,Quartier_33,2025-11-30T14:07:32.512818
Duplex rénové à Brazais,193385,53,35000,Rennes,insee,2025-08-28T14:07:32.512818,Quartier_34,2025-11-30T14:07:32.512818
T2 calme à Écusson,136080,49,30000,Nîmes,leboncoin,2025-07-09T14:07:32.512818,Quartier_35,2025-11-30T14:07:32.512818
Duplex lumineux à Bastille,328430,70,38000,Grenoble,insee,2025-09-17T14:07:32.512818,Quartier_36,2025-11-30T14:07:32.512818
T1 bien situé à Saint-Laurent,78195,31,38000,Grenoble,seloger,2025-07-02T14:07:32.512818,Quartier_37,2025-11-30T14:07:32.512818
T5+ lumineux à Lac de Maine,350496,165,49000,Angers,json_import,2025-09-27T14:07:32.512818,Quartier_38,2025-11-30T14:07:32.512818
Studio rénové à Montmartre,183790,21,75001,Paris,insee,2025-07-07T14:07:32.512818,Quartier_39,2025-11-30T14:07:32.512818
Villa bien situé à Capitole,431999,89,31000,Toulouse,leboncoin,2025-10-12T14:07:32.512818,Quartier_40,2025-11-30T14:07:32.512818
T2 rénové à Graslin,151536,37,44000,Nantes,csv_import,2025-11-21T14:07:32.512818,Quartier_41,2025-11-30T14:07:32.512818
T2 bien situé à Le Corbusier,92903,50,42000,Saint-Étienne,seloger,2025-10-17T14:07:32.512818,Quartier_42,2025-11-30T14:07:32.512818
T3 rénové à Villejean,253446,70,35000,Rennes,seloger,2025-11-18T14:07:32.512818,Quartier_43,2025-11-30T14:07:32.512818
T4 bien situé à Panier,223507,60,13001,Marseille,csv_import,2025-08-03T14:07:32.512818,Quartier_44,2025-11-30T14:07:32.512818
Loft calme à Saint-Michel,179634,43,33000,Bordeaux,seloger,2025-06-06T14:07:32.512818,Quartier_45,2025-11-30T14:07:32.512818
Maison moderne à Marsannay,325348,113,21000,Dijon,csv_import,2025-10-07T14:07:32.512818,Quartier_46,2025-11-30T14:07:32.512818
Duplex bien situé à Part-Dieu,122094,25,69001,Lyon,insee,2025-09-04T14:07:32.512818,Quartier_47,2025-11-30T14:07:32.512818
T4 bien situé à Saint-Germain,812411,83,75001,Paris,csv_import,2025-10-13T14:07:32.512818,Quartier_48,2025-11-30T14:07:32.512818
T4 rénové à Marais,611036,65,75001,Paris,leboncoin,2025-10-19T14:07:32.512818,Quartier_49,2025-11-30T14:07:32.512818
T2 bien situé à Yzeure,86336,38,72000,Le Mans,insee,2025-06-06T14:07:32.512818,Quartier_0,2025-11-30T14:07:32.512818
Villa lumineux à Lambézellec,282526,103,29200,Brest,json_import,2025-09-07T14:07:32.512818,Quartier_1,2025-11-30T14:07:32.512818
T5+ bien situé à Faubourg North,542330,185,21000,Dijon,csv_import,2025-09-21T14:07:32.512818,Quartier_2,2025-11-30T14:07:32.512818
Loft calme à Dervallières,256582,80,44000,Nantes,seloger,2025-07-03T14:07:32.512818,Quartier_3,2025-11-30T14:07:32.512818
T2 bien situé à Celleneuve,147468,40,34000,Montpellier,leboncoin,2025-08-13T14:07:32.512818,Quartier_4,2025-11-30T14:07:32.512818
Villa moderne à Centre,458632,98,35000,Rennes,json_import,2025-10-14T14:07:32.512818,Quartier_5,2025-11-30T14:07:32.512818
T5+ lumineux à Saint-Germain,1279128,91,75001,Paris,seloger,2025-06-17T14:07:32.512818,Quartier_6,2025-11-30T14:07:32.512818
Villa lumineux à Orangerie,340371,96,67000,Strasbourg,json_import,2025-11-06T14:07:32.512818,Quartier_7,2025-11-30T14:07:32.512818
Villa moderne à Esquermes,682303,195,59000,Lille,leboncoin,2025-08-21T14:07:32.512818,Quartier_8,2025-11-30T14:07:32.512818
T3 rénové à Saint-Germain,530720,45,75001,Paris,csv_import,2025-10-18T14:07:32.512818,Quartier_9,2025-11-30T14:07:32.512818
Loft calme à Saint-Laurent,180659,73,38000,Grenoble,insee,2025-10-24T14:07:32.512818,Quartier_10,2025-11-30T14:07:32.512818
Villa calme à Esquermes,681857,169,59000,Lille,leboncoin,2025-11-25T14:07:32.512818,Quartier_11,2025-11-30T14:07:32.512818
T5+ rénové à Grie,402445,182,72000,Le Mans,csv_import,2025-08-30T14:07:32.512818,Quartier_12,2025-11-30T14:07:32.512818
Appartement calme à Panier,257799,73,13001,Marseille,json_import,2025-08-17T14:07:32.512818,Quartier_13,2025-11-30T14:07:32.512818
T4 bien situé à Capitole,364609,61,31000,Toulouse,json_import,2025-10-24T14:07:32.512818,Quartier_14,2025-11-30T14:07:32.512818
T1 rénové à Bouffay,81713,21,44000,Nantes,csv_import,2025-08-19T14:07:32.512818,Quartier_15,2025-11-30T14:07:32.512818
T2 bien situé à Marsannay,108379,34,21000,Dijon,insee,2025-08-07T14:07:32.512818,Quartier_16,2025-11-30T14:07:32.512818
T1 calme à Centre,52165,18,72000,Le Mans,csv_import,2025-06-25T14:07:32.512818,Quartier_17,2025-11-30T14:07:32.512818
Villa lumineux à Lambézellec,425624,161,29200,Brest,csv_import,2025-07-16T14:07:32.512818,Quartier_18,2025-11-30T14:07:32.512818
T1 rénové à Saint-Michel,138008,26,33000,Bordeaux,seloger,2025-11-07T14:07:32.512818,Quartier_19,2025-11-30T14:07:32.512818
T5+ calme à Paillon,934159,159,06000,Nice,json_import,2025-07-01T14:07:32.512818,Quartier_20,2025-11-30T14:07:32.512818
T3 lumineux à Libération,339628,55,06000,Nice,leboncoin,2025-08-27T14:07:32.512818,Quartier_21,2025-11-30T14:07:32.512818
Loft moderne à Centre,172861,59,72000,Le Mans,json_import,2025-10-20T14:07:32.512818,Quartier_22,2025-11-30T14:07:32.512818
T3 rénové à Villeboeuf,95468,45,42000,Saint-Étienne,seloger,2025-06-21T14:07:32.512818,Quartier_23,2025-11-30T14:07:32.512818
T3 rénové à Fives,136790,51,59000,Lille,insee,2025-06-17T14:07:32.512818,Quartier_24,2025-11-30T14:07:32.512818
T3 calme à Neustadt,134611,51,67000,Strasbourg,leboncoin,2025-07-28T14:07:32.512818,Quartier_25,2025-11-30T14:07:32.512818
T3 lumineux à Villejean,164440,62,35000,Rennes,csv_import,2025-09-04T14:07:32.512818,Quartier_26,2025-11-30T14:07:32.512818
T3 lumineux à Centre-ville,272487,66,13100,Aix-en-Provence,csv_import,2025-11-26T14:07:32.512818,Quartier_27,2025-11-30T14:07:32.512818
T5+ calme à Montmartre,1250900,115,75001,Paris,json_import,2025-07-02T14:07:32.512818,Quartier_28,2025-11-30T14:07:32.512818
T4 bien situé à Faubourg North,177371,89,21000,Dijon,json_import,2025-11-01T14:07:32.512818,Quartier_29,2025-11-30T14:07:32.512818
Villa calme à Louvre,1724978,114,75001,Paris,seloger,2025-08-27T14:07:32.512818,Quartier_30,2025-11-30T14:07:32.512818
T1 moderne à Paillon,109915,20,06000,Nice,json_import,2025-07-10T14:07:32.512818,Quartier_31,2025-11-30T14:07:32.512818
T5+ calme à Fourvière,985016,136,69001,Lyon,leboncoin,2025-08-02T14:07:32.512818,Quartier_32,2025-11-30T14:07:32.512818
T5+ rénové à Roseraie,255989,113,49000,Angers,json_import,2025-08-10T14:07:32.512818,Quartier_33,2025-11-30T14:07:32.512818
Studio calme à Villejean,56494,18,35000,Rennes,csv_import,2025-11-03T14:07:32.512818,Quartier_34,2025-11-30T14:07:32.512818
Duplex moderne à Bastide,450498,92,33000,Bordeaux,leboncoin,2025-10-22T14:07:32.512818,Quartier_35,2025-11-30T14:07:32.512818
Loft moderne à Villejean,228887,81,35000,Rennes,json_import,2025-08-09T14:07:32.512818,Quartier_36,2025-11-30T14:07:32.512818
T2 moderne à Vieux-Nice,188002,47,06000,Nice,insee,2025-07-25T14:07:32.512818,Quartier_37,2025-11-30T14:07:32.512818
T1 lumineux à Centre,103229,22,67000,Strasbourg,json_import,2025-11-22T14:07:32.512818,Quartier_38,2025-11-30T14:07:32.512818
T3 rénové à Yzeure,159444,60,72000,Le Mans,json_import,2025-10-21T14:07:32.512818,Quartier_39,2025-11-30T14:07:32.512818
T5+ calme à Fourvière,342324,95,69001,Lyon,leboncoin,2025-08-31T14:07:32.512818,Quartier_40,2025-11-30T14:07:32.512818
Loft moderne à Faubourg North,70460,23,21000,Dijon,json_import,2025-10-15T14:07:32.512818,Quartier_41,2025-11-30T14:07:32.512818
T2 rénové à Antigone,120333,39,34000,Montpellier,insee,2025-08-25T14:07:32.512818,Quartier_42,2025-11-30T14:07:32.512818
Duplex lumineux à Écusson,87578,37,30000,Nîmes,seloger,2025-09-26T14:07:32.512818,Quartier_43,2025-11-30T14:07:32.512818
Studio bien situé à Saint-Michel,111156,22,33000,Bordeaux,seloger,2025-10-11T14:07:32.512818,Quartier_44,2025-11-30T14:07:32.512818
Villa moderne à Centre-ville,314457,111,30000,Nîmes,insee,2025-07-27T14:07:32.512818,Quartier_45,2025-11-30T14:07:32.512818
Duplex bien situé à Vieux-Nice,158915,35,06000,Nice,insee,2025-11-23T14:07:32.512818,Quartier_46,2025-11-30T14:07:32.512818
Maison calme à Panier,481574,131,13001,Marseille,json_import,2025-08-05T14:07:32.512818,Quartier_47,2025-11-30T14:07:32.512818
Loft lumineux à Brazais,242351,97,35000,Rennes,json_import,2025-10-22T14:07:32.512818,Quartier_48,2025-11-30T14:07:32.512818
Villa rénové à Centre,280634,126,42000,Saint-Étienne,json_import,2025-11-16T14:07:32.512818,Quartier_49,2025-11-30T14:07:32.512818
